{
    "id": "7804",
    "name": "위클리 럭키 ICON 의뢰 상자",
    "image": null,
    "expectedBp": 384329806.4416082,
    "expectedValue": {
        "bp_player": 212274109.75372633,
        "bp_card": 189037625.46817997
    },
    "percentile": {
        "0": 2502400000000.0,
        "1": 1300000000,
        "2": 1100000000,
        "5": 800000000,
        "10": 500000000,
        "20": 314640000.0,
        "30": 283360000.0,
        "40": 264040000.0,
        "50": 250000000,
        "60": 243800000.0,
        "70": 230000000.0,
        "80": 219880000.0,
        "90": 200000000,
        "100": 196880000.0
    },
    "itemList": [
        {
            "item": {
                "id": "5724",
                "name": "[AG] ICON Top Price ALL 선수팩",
                "image": null,
                "expectedBp": 34116394409.187714,
                "expectedValue": {
                    "bp_player": 37083037401.29099
                }
            },
            "amount": 1,
            "prob": 0.0015
        },
        {
            "item": {
                "id": "7811",
                "name": "[AG] 행운의 BP 카드 (2억~15억 BP)",
                "image": null,
                "expectedBp": 378643215.76,
                "expectedValue": {
                    "bp_card": 378643215.76
                }
            },
            "amount": 1,
            "prob": 0.49924999999999997
        },
        {
            "item": {
                "id": "7791",
                "name": "[AG] 위클리 럭키 선수팩 최종 OVR 105~113 (최대5강)",
                "image": null,
                "expectedBp": 288668180.9907795,
                "expectedValue": {
                    "bp_player": 313769761.94649947
                }
            },
            "amount": 1,
            "prob": 0.49924999999999997
        }
    ]
}