{
    "type": "box",
    "id": "7804",
    "name": "위클리 럭키 ICON 의뢰 상자",
    "image": null,
    "expectedBp": 369752837.0447342,
    "expectedValue": {
        "bp_player": 196429577.80060238,
        "bp_card": 189037625.46817997
    },
    "percentile": {
        "0": 2401200000000.0,
        "1": 1300000000,
        "2": 1100000000,
        "5": 800000000,
        "10": 500000000,
        "20": 300000000,
        "30": 250000000,
        "40": 249320000.0,
        "50": 225400000.0,
        "60": 217120000.0,
        "70": 207920000.0,
        "80": 200000000,
        "90": 200000000,
        "100": 172040000.0
    },
    "itemList": [
        {
            "item": {
                "type": "player-pack",
                "id": "5724",
                "name": "[AG] ICON Top Price ALL 선수팩",
                "image": null,
                "expectedBp": 32986741495.734127,
                "expectedValue": {
                    "bp_player": 35855153799.711006
                }
            },
            "amount": 1,
            "prob": 0.0015
        },
        {
            "item": {
                "type": "bp",
                "id": "7811",
                "name": "[AG] 행운의 BP 카드 (2억~15억 BP)",
                "image": null,
                "expectedBp": 378643215.76,
                "expectedValue": {
                    "bp_card": 378643215.76
                }
            },
            "amount": 1,
            "prob": 0.49924999999999997
        },
        {
            "item": {
                "type": "player-pack",
                "id": "7791",
                "name": "[AG] 위클리 럭키 선수팩 최종 OVR 105~113 (최대5강)",
                "image": null,
                "expectedBp": 262864495.40901956,
                "expectedValue": {
                    "bp_player": 285722277.6184995
                }
            },
            "amount": 1,
            "prob": 0.49924999999999997
        }
    ]
}