{
    "id": "7804",
    "name": "위클리 럭키 ICON 의뢰 상자",
    "image": null,
    "expectedBp": 365373368.8378986,
    "expectedValue": {
        "bp_player": 191669286.27143332,
        "bp_card": 189037625.46817997
    },
    "percentile": {
        "0": 2419600000000.0,
        "1": 1300000000,
        "2": 1100000000,
        "5": 800000000,
        "10": 500000000,
        "20": 300000000,
        "30": 250000000,
        "40": 248400000.0,
        "50": 218960000.0,
        "60": 207920000.0,
        "70": 200560000.0,
        "80": 200000000,
        "90": 191360000.0,
        "100": 170200000.0
    },
    "itemList": [
        {
            "item": {
                "id": "5724",
                "name": "[AG] ICON Top Price ALL 선수팩",
                "image": null,
                "expectedBp": 33154600119.636642,
                "expectedValue": {
                    "bp_player": 36037608825.692
                }
            },
            "amount": 1,
            "prob": 0.0015
        },
        {
            "item": {
                "id": "7811",
                "name": "[AG] 행운의 BP 카드 (2억~15억 BP)",
                "image": null,
                "expectedBp": 378643215.76,
                "expectedValue": {
                    "bp_card": 378643215.76
                }
            },
            "amount": 1,
            "prob": 0.49924999999999997
        },
        {
            "item": {
                "id": "7791",
                "name": "[AG] 위클리 럭키 선수팩 최종 OVR 105~113 (최대5강)",
                "image": null,
                "expectedBp": 253588068.48325232,
                "expectedValue": {
                    "bp_player": 275639204.87310034
                }
            },
            "amount": 1,
            "prob": 0.49924999999999997
        }
    ]
}