{
    "id": "7803",
    "name": "[ICON 획득 기회!!] 에이전트 + ICON 포인트 의뢰 상자",
    "image": null,
    "expectedBp": 2328794328.766502,
    "expectedValue": {
        "bp_player": 2531298183.4418497
    },
    "percentile": {
        "0": 2419600000000.0,
        "1": 24564000000.0,
        "2": 20700000000.0,
        "5": 7369200000.0,
        "10": 3652400000.0,
        "20": 1803200000.0,
        "30": 1131600000.0,
        "40": 871240000.0,
        "50": 748880000.0,
        "60": 603520000.0,
        "70": 474720000.0,
        "80": 393760000.0,
        "90": 318320000.0,
        "100": 204240000.0
    },
    "itemList": [
        {
            "type": "playerPack",
            "item": {
                "id": "5724",
                "name": "[AG] ICON Top Price ALL 선수팩",
                "image": null,
                "expectedBp": 33154600119.636642,
                "expectedValue": {
                    "bp_player": 36037608825.692
                }
            },
            "amount": 1,
            "prob": 0.01
        },
        {
            "type": "playerPack",
            "item": {
                "id": "7785",
                "name": "[AG] 에이전트 포인트 선수팩 최종 OVR 105~113 (5~8강)",
                "image": null,
                "expectedBp": 2017422553.1011472,
                "expectedValue": {
                    "bp_player": 2192850601.196899
                }
            },
            "amount": 1,
            "prob": 0.99
        }
    ]
}