{
    "type": "box",
    "id": "7803",
    "name": "[ICON 획득 기회!!] 에이전트 + ICON 포인트 의뢰 상자",
    "image": null,
    "expectedBp": 2451960909.1017003,
    "expectedValue": {
        "bp_player": 2665174901.1975
    },
    "percentile": {
        "0": 2401200000000.0,
        "1": 26680000000.0,
        "2": 20884000000.0,
        "5": 7912000000.0,
        "10": 3956000000.0,
        "20": 1913600000.0,
        "30": 1094800000.0,
        "40": 920000000.0,
        "50": 801320000.0,
        "60": 644000000.0,
        "70": 506000000.0,
        "80": 414000000.0,
        "90": 351440000.0,
        "100": 223560000.0
    },
    "itemList": [
        {
            "item": {
                "type": "player-pack",
                "id": "5724",
                "name": "[AG] ICON Top Price ALL 선수팩",
                "image": null,
                "expectedBp": 32986741495.734127,
                "expectedValue": {
                    "bp_player": 35855153799.711006
                }
            },
            "amount": 1,
            "prob": 0.01
        },
        {
            "item": {
                "type": "player-pack",
                "id": "7785",
                "name": "[AG] 에이전트 포인트 선수팩 최종 OVR 105~113 (5~8강)",
                "image": null,
                "expectedBp": 2143528781.9639993,
                "expectedValue": {
                    "bp_player": 2329922589.0913033
                }
            },
            "amount": 1,
            "prob": 0.99
        }
    ]
}