{
    "type": "box",
    "id": "8465",
    "name": "[스페셜 1+등급][최종 OVR 122+ 선수팩 포함] 트리플 크리스마스 상자",
    "image": "201704645_s",
    "expectedBp": 297395291846.48236,
    "expectedValue": {
        "bp_player": 323255752007.046
    },
    "percentile": {
        "0": 73416000000000.0,
        "1": 1481200000000.0,
        "2": 1094800000000.0,
        "5": 716680000000.0,
        "10": 494960000000.0,
        "20": 327520000000.0,
        "30": 253920000000.0,
        "40": 230000000000.0,
        "50": 228160000000.0,
        "60": 208840000000.0,
        "70": 195960000000.0,
        "80": 192280000000.0,
        "90": 182160000000.0,
        "100": 127880000000.0
    },
    "itemList": [
        {
            "item": {
                "type": "player-pack",
                "id": "8426",
                "name": "[스페셜 1+등급] JVA, CC 포함 최종 OVR 122+ 멀티 강화 선수팩",
                "image": null,
                "expectedBp": 1463162600810.444,
                "expectedValue": {
                    "bp_player": 1590394131315.7
                }
            },
            "amount": 1,
            "prob": 0.02
        },
        {
            "item": {
                "type": "player-pack",
                "id": "8427",
                "name": "[스페셜 1+등급] JVA, CC, 23HW, HG, RTN Top Price 585 (8강, 98+)",
                "image": null,
                "expectedBp": 261738718264.64804,
                "expectedValue": {
                    "bp_player": 284498606809.4
                }
            },
            "amount": 1,
            "prob": 0.18
        },
        {
            "item": {
                "type": "player-pack",
                "id": "8428",
                "name": "[스페셜 1+등급] 24HEROES, DC, CC Top Price 90 (5강, 108+)",
                "image": null,
                "expectedBp": 276273838178.296,
                "expectedValue": {
                    "bp_player": 300297650193.8
                }
            },
            "amount": 1,
            "prob": 0.8
        }
    ]
}