{
    "id": "8465",
    "name": "[스페셜 1+등급][최종 OVR 122+ 선수팩 포함] 트리플 크리스마스 상자",
    "image": "/assets/images/item/201704645_s.png",
    "expectedBp": 296192520247.8592,
    "expectedValue": {
        "bp_player": 321948391573.76
    },
    "percentile": {
        "0": 73416000000000.0,
        "1": 1435200000000.0,
        "2": 1076400000000.0,
        "5": 719440000000.0,
        "10": 480240000000.0,
        "20": 318320000000.0,
        "30": 253920000000.0,
        "40": 234600000000.0,
        "50": 220800000000.0,
        "60": 210680000000.0,
        "70": 204240000000.0,
        "80": 191360000000.0,
        "90": 179400000000.0,
        "100": 112240000000.0
    },
    "itemList": [
        {
            "type": "playerPack",
            "item": {
                "id": "8426",
                "name": "[스페셜 1+등급] JVA, CC 포함 최종 OVR 122+ 멀티 강화 선수팩",
                "image": null,
                "expectedBp": 1470903089410.52,
                "expectedValue": {
                    "bp_player": 1598807705881.0
                }
            },
            "amount": 1,
            "prob": 0.02
        },
        {
            "type": "playerPack",
            "item": {
                "id": "8427",
                "name": "[스페셜 1+등급] JVA, CC, 23HW, HG, RTN Top Price 585 (8강, 98+)",
                "image": null,
                "expectedBp": 268197040496.68002,
                "expectedValue": {
                    "bp_player": 291518522279.0
                }
            },
            "amount": 1,
            "prob": 0.18
        },
        {
            "type": "playerPack",
            "item": {
                "id": "8428",
                "name": "[스페셜 1+등급] 24HEROES, DC, CC Top Price 90 (5강, 108+)",
                "image": null,
                "expectedBp": 273123738962.80798,
                "expectedValue": {
                    "bp_player": 296873629307.39996
                }
            },
            "amount": 1,
            "prob": 0.8
        }
    ]
}