{
    "id": "8267",
    "name": "[데일리 패스] 손난로 상자",
    "image": null,
    "expectedBp": 36732319240.913605,
    "expectedValue": {
        "bp_player": 11739164400.722624,
        "bp_card": 25932287992.248795
    },
    "percentile": {
        "0": 1518000000000.0,
        "1": 75164000000.0,
        "2": 71576000000.0,
        "5": 55000000000,
        "10": 53360000000.0,
        "20": 45000000000,
        "30": 42136000000.0,
        "40": 40000000000,
        "50": 37904000000.0,
        "60": 35000000000,
        "70": 25668000000.0,
        "80": 23000000000.0,
        "90": 21528000000.0,
        "100": 711160000.0
    },
    "itemList": [
        {
            "item": {
                "id": "8252",
                "name": "DC, JVA, CC, FCA 클래스 최종 OVR 110+ 스페셜팩 (3강)",
                "image": null,
                "expectedBp": 48228019415.4502,
                "expectedValue": {
                    "bp_player": 52421760234.185
                }
            },
            "amount": 1,
            "prob": 0.011627907
        },
        {
            "item": {
                "id": "8253",
                "name": "[DC 1~3강 포함] 최종 OVR 109+ 스페셜팩 (1~5강)",
                "image": null,
                "expectedBp": 29352488929.304607,
                "expectedValue": {
                    "bp_player": 31904879270.98327
                }
            },
            "amount": 1,
            "prob": 0.3488372093
        },
        {
            "item": {
                "id": "8265",
                "name": "[SKYBOX] 행운의 BP 카드 (300억~600억 BP)",
                "image": null,
                "expectedBp": 42575757571.5,
                "expectedValue": {
                    "bp_card": 42575757571.5
                }
            },
            "amount": 1,
            "prob": 0.5813953488
        },
        {
            "item": {
                "id": "8264",
                "name": "[SKYBOX] 행운의 BP 카드 (150억~300억 BP)",
                "image": null,
                "expectedBp": 20277777773.25,
                "expectedValue": {
                    "bp_card": 20277777773.25
                }
            },
            "amount": 1,
            "prob": 0.058139534900000005
        }
    ]
}