{
    "id": "8267",
    "name": "[데일리 패스] 손난로 상자",
    "image": null,
    "expectedBp": 36102940107.17912,
    "expectedValue": {
        "bp_player": 11055056646.663397,
        "bp_card": 25932287992.248795
    },
    "percentile": {
        "0": 1462800000000.0,
        "1": 73232000000.0,
        "2": 68172000000.0,
        "5": 55000000000,
        "10": 50000000000,
        "20": 45000000000,
        "30": 40000000000,
        "40": 40000000000,
        "50": 35972000000.0,
        "60": 35000000000,
        "70": 25000000000,
        "80": 21344000000.0,
        "90": 20000000000,
        "100": 700120000.0
    },
    "itemList": [
        {
            "type": "playerPack",
            "item": {
                "id": "8252",
                "name": "DC, JVA, CC, FCA 클래스 최종 OVR 110+ 스페셜팩 (3강)",
                "image": null,
                "expectedBp": 51162295043.39334,
                "expectedValue": {
                    "bp_player": 55611190264.557976
                }
            },
            "amount": 1,
            "prob": 0.011627907
        },
        {
            "type": "playerPack",
            "item": {
                "id": "8253",
                "name": "[DC 1~3강 포함] 최종 OVR 109+ 스페셜팩 (1~5강)",
                "image": null,
                "expectedBp": 27450459558.126003,
                "expectedValue": {
                    "bp_player": 29837456041.441307
                }
            },
            "amount": 1,
            "prob": 0.3488372093
        },
        {
            "type": "bp",
            "item": {
                "id": "8265",
                "name": "[SKYBOX] 행운의 BP 카드 (300억~600억 BP)",
                "image": "/assets/images/item/200332012_s.png",
                "expectedBp": 42575757571.5,
                "expectedValue": {
                    "bp_card": 42575757571.5
                }
            },
            "amount": 1,
            "prob": 0.5813953488
        },
        {
            "type": "bp",
            "item": {
                "id": "8264",
                "name": "[SKYBOX] 행운의 BP 카드 (150억~300억 BP)",
                "image": "/assets/images/item/200332011_s.png",
                "expectedBp": 20277777773.25,
                "expectedValue": {
                    "bp_card": 20277777773.25
                }
            },
            "amount": 1,
            "prob": 0.058139534900000005
        }
    ]
}