{
    "type": "box",
    "id": "8319",
    "name": "[24.01-24.06] ICON 포인트 상자 - 15개",
    "image": null,
    "expectedBp": 998786333.5340414,
    "expectedValue": {
        "bp_player": 358551537.99711007,
        "bp_card": 668918918.5767001
    },
    "percentile": {
        "0": 2401200000000.0,
        "1": 4121600000.0,
        "2": 1450000000,
        "5": 1300000000,
        "10": 1050000000,
        "20": 800000000,
        "30": 650000000,
        "40": 600000000,
        "50": 600000000,
        "60": 550000000,
        "70": 550000000,
        "80": 500000000,
        "90": 500000000,
        "100": 500000000
    },
    "itemList": [
        {
            "item": {
                "type": "player-pack",
                "id": "5724",
                "name": "[AG] ICON Top Price ALL 선수팩",
                "image": null,
                "expectedBp": 32986741495.734127,
                "expectedValue": {
                    "bp_player": 35855153799.711006
                }
            },
            "amount": 1,
            "prob": 0.01
        },
        {
            "item": {
                "type": "bp",
                "id": "8326",
                "name": "[AG] 행운의 BP 카드 (5억~15억 BP)",
                "image": null,
                "expectedBp": 675675675.33,
                "expectedValue": {
                    "bp_card": 675675675.33
                }
            },
            "amount": 1,
            "prob": 0.99
        }
    ]
}