{
    "id": "8251",
    "name": "[AG] 2023 디셈버 럭키 박스 - 107+",
    "image": null,
    "expectedBp": 1250451317.3558393,
    "expectedValue": {
        "bp_player": 11430460.311063997,
        "bp_card": 1239935293.8696604
    },
    "percentile": {
        "0": 1159200000000.0,
        "1": 1500000000,
        "2": 1500000000,
        "5": 1500000000,
        "10": 1450000000,
        "20": 1350000000,
        "30": 1250000000,
        "40": 1250000000,
        "50": 1200000000,
        "60": 1200000000,
        "70": 1150000000,
        "80": 1150000000,
        "90": 1100000000,
        "100": 1100000000
    },
    "itemList": [
        {
            "type": "playerPack",
            "item": {
                "id": "8239",
                "name": "[AG][23.12] CC 포함 OVR 99~100 선수팩 (7~8강)",
                "image": null,
                "expectedBp": 10516023486.178879,
                "expectedValue": {
                    "bp_player": 11430460311.063997
                }
            },
            "amount": 1,
            "prob": 0.001
        },
        {
            "type": "bp",
            "item": {
                "id": "8245",
                "name": "[AG] 행운의 BP 카드 (11억~15억 BP)",
                "image": null,
                "expectedBp": 1241176470.3400002,
                "expectedValue": {
                    "bp_card": 1241176470.3400002
                }
            },
            "amount": 1,
            "prob": 0.9990000000000001
        }
    ]
}