{
    "id": "8471",
    "name": "[5000억 BP, 23HW 8강 포함] 일반 치얼업 상자",
    "image": "/assets/images/item/201704651_s.png",
    "expectedBp": 58030004046.01741,
    "expectedValue": {
        "bp_card": 5000000000.0,
        "bp_player": 57641308745.6711
    },
    "percentile": {
        "0": 25300000000000.0,
        "1": 500000000000,
        "2": 232760000000.0,
        "5": 100280000000.0,
        "10": 77556000000.0,
        "20": 61088000000.0,
        "30": 55108000000.0,
        "40": 46092000000.0,
        "50": 40388000000.0,
        "60": 38180000000.0,
        "70": 37628000000.0,
        "80": 36800000000.0,
        "90": 35236000000.0,
        "100": 28336000000.0
    },
    "itemList": [
        {
            "type": "bp",
            "item": {
                "id": -1,
                "name": "[P] BP 카드 5000억",
                "image": null,
                "expectedBp": 500000000000.0,
                "expectedValue": {
                    "bp_card": 500000000000
                }
            },
            "amount": 1,
            "prob": 0.01
        },
        {
            "type": "playerPack",
            "item": {
                "id": "8448",
                "name": "[P] 23HW 포함 Top Price 1590 (8강, 90+)",
                "image": null,
                "expectedBp": 55389948848.6988,
                "expectedValue": {
                    "bp_player": 60206466139.89
                }
            },
            "amount": 1,
            "prob": 0.49
        },
        {
            "type": "playerPack",
            "item": {
                "id": "8449",
                "name": "[P] 24HEROES, DC 포함 Top Price 290 (5강, 107+)",
                "image": null,
                "expectedBp": 51777858220.310005,
                "expectedValue": {
                    "bp_player": 56280280674.25
                }
            },
            "amount": 1,
            "prob": 0.5
        }
    ]
}