{
    "type": "box",
    "id": "8471",
    "name": "[5000억 BP, 23HW 8강 포함] 일반 치얼업 상자",
    "image": "201704651_s",
    "expectedBp": 58740739086.36754,
    "expectedValue": {
        "bp_card": 5000000000.0,
        "bp_player": 58413846833.008194
    },
    "percentile": {
        "0": 25300000000000.0,
        "1": 500000000000,
        "2": 235520000000.0,
        "5": 103960000000.0,
        "10": 80500000000.0,
        "20": 63848000000.0,
        "30": 54188000000.0,
        "40": 44344000000.0,
        "50": 40572000000.0,
        "60": 38732000000.0,
        "70": 38088000000.0,
        "80": 37168000000.0,
        "90": 35788000000.0,
        "100": 28152000000.0
    },
    "itemList": [
        {
            "item": {
                "type": "bp",
                "id": -1,
                "name": "[P] BP 카드 5000억",
                "image": null,
                "expectedBp": 500000000000.0,
                "expectedValue": {
                    "bp_card": 500000000000
                }
            },
            "amount": 1,
            "prob": 0.01
        },
        {
            "item": {
                "type": "player-pack",
                "id": "8448",
                "name": "[P] 23HW 포함 Top Price 1590 (8강, 90+)",
                "image": null,
                "expectedBp": 56141524487.6056,
                "expectedValue": {
                    "bp_player": 61023396182.17999
                }
            },
            "amount": 1,
            "prob": 0.49
        },
        {
            "item": {
                "type": "player-pack",
                "id": "8449",
                "name": "[P] 24HEROES, DC 포함 Top Price 290 (5강, 107+)",
                "image": null,
                "expectedBp": 52462784174.8816,
                "expectedValue": {
                    "bp_player": 57024765407.479996
                }
            },
            "amount": 1,
            "prob": 0.5
        }
    ]
}