{
    "id": "8169",
    "name": "12월의 비씨 상자",
    "image": "/assets/images/item/201704556_s.png",
    "expectedBp": 880000000.0799999,
    "expectedValue": {
        "bp_card": 880000000.0799999,
        "cp_card": 5599.99999936
    },
    "percentile": {
        "0": 6000000000,
        "1": 6000000000,
        "2": 6000000000,
        "5": 5000000000,
        "10": 4000000000,
        "20": 3000000000,
        "30": 0,
        "40": 0,
        "50": 0,
        "60": 0,
        "70": 0,
        "80": 0,
        "90": 0,
        "100": 0
    },
    "itemList": [
        {
            "type": "bp",
            "item": {
                "id": "8162",
                "name": "행운의 BP 카드 (30억~60억 BP)",
                "image": null,
                "expectedBp": 4400000000.4,
                "expectedValue": {
                    "bp_card": 4400000000.4
                }
            },
            "amount": 1,
            "prob": 0.2
        },
        {
            "type": "cp",
            "item": {
                "id": "8167",
                "name": "행운의 CP 카드 (5000~10000 CP)",
                "image": null,
                "expectedBp": 0.0,
                "expectedValue": {
                    "cp_card": 6999.9999992
                }
            },
            "amount": 1,
            "prob": 0.8
        }
    ]
}