{
    "id": "8224",
    "name": "[23.12 빌드업] [ICON TM 0.05%] 알쏭달쏭 12월 상자",
    "image": null,
    "expectedBp": 74894239910.91537,
    "expectedValue": {
        "bp_player": 58988304250.99498,
        "bp_card": 20625000000.0
    },
    "percentile": {
        "0": 52440000000000.0,
        "1": 561200000000.0,
        "2": 263120000000.0,
        "5": 101200000000.0,
        "10": 100000000000,
        "20": 80040000000.0,
        "30": 61456000000.0,
        "40": 50000000000,
        "50": 50000000000,
        "60": 50000000000,
        "70": 41032000000.0,
        "80": 37904000000.0,
        "90": 30084000000.0,
        "100": 24104000000.0
    },
    "itemList": [
        {
            "type": "playerPack",
            "item": {
                "id": "7722",
                "name": "[일반] ICON TM All 선수팩 (1강)",
                "image": null,
                "expectedBp": 2256805454337.512,
                "expectedValue": {
                    "bp_player": 2453049406888.6
                }
            },
            "amount": 1,
            "prob": 0.0005
        },
        {
            "type": "playerPack",
            "item": {
                "id": "8178",
                "name": "FCA, 23HW 포함 Top Price 1840 선수팩 (8강, 98+)",
                "image": null,
                "expectedBp": 84225102877.73201,
                "expectedValue": {
                    "bp_player": 91549024867.1
                }
            },
            "amount": 1,
            "prob": 0.33399999999999996
        },
        {
            "type": "playerPack",
            "item": {
                "id": "8181",
                "name": "DC 포함 Top Price 270 선수팩 (5강, 105+)",
                "image": null,
                "expectedBp": 74544419739.446,
                "expectedValue": {
                    "bp_player": 81026543195.05
                }
            },
            "amount": 1,
            "prob": 0.33549999999999996
        },
        {
            "type": "bp",
            "item": {
                "id": "7752",
                "name": "[1000억 25%] 행운의 BP 카드 (500억, 1000억)",
                "image": null,
                "expectedBp": 62500000000.0,
                "expectedValue": {
                    "bp_card": 62500000000.0
                }
            },
            "amount": 1,
            "prob": 0.33
        }
    ]
}