{
    "type": "box",
    "id": "8224",
    "name": "[23.12 빌드업] [ICON TM 0.05%] 알쏭달쏭 12월 상자",
    "image": null,
    "expectedBp": 75649666314.49048,
    "expectedValue": {
        "bp_player": 59809419907.05487,
        "bp_card": 20625000000.0
    },
    "percentile": {
        "0": 52440000000000.0,
        "1": 563960000000.0,
        "2": 265880000000.0,
        "5": 104880000000.0,
        "10": 100000000000,
        "20": 81512000000.0,
        "30": 64400000000.0,
        "40": 50000000000,
        "50": 50000000000,
        "60": 50000000000,
        "70": 42136000000.0,
        "80": 38548000000.0,
        "90": 31924000000.0,
        "100": 24288000000.0
    },
    "itemList": [
        {
            "item": {
                "type": "player-pack",
                "id": "7722",
                "name": "[일반] ICON TM All 선수팩 (1강)",
                "image": null,
                "expectedBp": 2255842144252.9243,
                "expectedValue": {
                    "bp_player": 2452002330709.7
                }
            },
            "amount": 1,
            "prob": 0.0005
        },
        {
            "item": {
                "type": "player-pack",
                "id": "8178",
                "name": "FCA, 23HW 포함 Top Price 1840 선수팩 (8강, 98+)",
                "image": null,
                "expectedBp": 85759572894.27081,
                "expectedValue": {
                    "bp_player": 93216927058.99
                }
            },
            "amount": 1,
            "prob": 0.33399999999999996
        },
        {
            "item": {
                "type": "player-pack",
                "id": "8181",
                "name": "DC 포함 Top Price 270 선수팩 (5강, 105+)",
                "image": null,
                "expectedBp": 75269889405.89441,
                "expectedValue": {
                    "bp_player": 81815097180.32
                }
            },
            "amount": 1,
            "prob": 0.33549999999999996
        },
        {
            "item": {
                "type": "bp",
                "id": "7752",
                "name": "[1000억 25%] 행운의 BP 카드 (500억, 1000억)",
                "image": null,
                "expectedBp": 62500000000.0,
                "expectedValue": {
                    "bp_card": 62500000000.0
                }
            },
            "amount": 1,
            "prob": 0.33
        }
    ]
}