{
    "id": "8472",
    "name": "[일반 1+등급 5%] 전체 수수료 35% 할인 쿠폰 (~24.01.31)",
    "image": "/assets/images/item/201704652_s.png",
    "expectedBp": 7821714543.268152,
    "expectedValue": {
        "bp_player": 8501863633.987122,
        "전체 수수료 35% 할인 쿠폰 (~24.01.31)": 0.95
    },
    "percentile": {
        "0": 73416000000000.0,
        "1": 186760000000.0,
        "2": 121440000000.0,
        "5": 0,
        "10": 0,
        "20": 0,
        "30": 0,
        "40": 0,
        "50": 0,
        "60": 0,
        "70": 0,
        "80": 0,
        "90": 0,
        "100": 0
    },
    "itemList": [
        {
            "type": "box",
            "item": {
                "id": "8461",
                "name": "[일반 1+등급][최종 OVR 120+ 선수팩 포함] 트리플 크리스마스 상자",
                "image": "/assets/images/item/201704641_s.png",
                "expectedBp": 156434290865.36304,
                "expectedValue": {
                    "bp_player": 170037272679.74243
                }
            },
            "amount": 1,
            "prob": 0.05
        },
        {
            "type": "other",
            "item": {
                "id": -1,
                "name": "전체 수수료 35% 할인 쿠폰 (~24.01.31)",
                "image": null,
                "expectedBp": 0.0,
                "expectedValue": {
                    "전체 수수료 35% 할인 쿠폰 (~24.01.31)": 1
                }
            },
            "amount": 1,
            "prob": 0.95
        }
    ]
}