{
    "type": "box",
    "id": "8472",
    "name": "[일반 1+등급 5%] 전체 수수료 35% 할인 쿠폰 (~24.01.31)",
    "image": "201704652_s",
    "expectedBp": 8017167510.063552,
    "expectedValue": {
        "bp_player": 8714312510.938643,
        "전체 수수료 35% 할인 쿠폰 (~24.01.31)": 0.95
    },
    "percentile": {
        "0": 73416000000000.0,
        "1": 185840000000.0,
        "2": 126960000000.0,
        "5": 0,
        "10": 0,
        "20": 0,
        "30": 0,
        "40": 0,
        "50": 0,
        "60": 0,
        "70": 0,
        "80": 0,
        "90": 0,
        "100": 0
    },
    "itemList": [
        {
            "item": {
                "type": "box",
                "id": "8461",
                "name": "[일반 1+등급][최종 OVR 120+ 선수팩 포함] 트리플 크리스마스 상자",
                "image": "201704641_s",
                "expectedBp": 160343350201.271,
                "expectedValue": {
                    "bp_player": 174286250218.77283
                }
            },
            "amount": 1,
            "prob": 0.05
        },
        {
            "item": {
                "type": "other",
                "id": -1,
                "name": "전체 수수료 35% 할인 쿠폰 (~24.01.31)",
                "image": null,
                "expectedBp": 0.0,
                "expectedValue": {
                    "전체 수수료 35% 할인 쿠폰 (~24.01.31)": 1
                }
            },
            "amount": 1,
            "prob": 0.95
        }
    ]
}