{
    "id": "8462",
    "name": "[일반 1+등급] 'BP 카드 1300억' or 'DC 포함 5강 선수팩'",
    "image": null,
    "expectedBp": 137693064290.34592,
    "expectedValue": {
        "bp_card": 91000000000.0,
        "bp_player": 50753330750.376
    },
    "percentile": {
        "0": 3496000000000.0,
        "1": 426880000000.0,
        "2": 290720000000.0,
        "5": 190440000000.0,
        "10": 133400000000.0,
        "20": 130000000000,
        "30": 130000000000,
        "40": 130000000000,
        "50": 130000000000,
        "60": 130000000000,
        "70": 130000000000,
        "80": 130000000000,
        "90": 108560000000.0,
        "100": 85652000000.0
    },
    "itemList": [
        {
            "item": {
                "id": -1,
                "name": "[일반 1+등급] BP 카드 1300억",
                "image": null,
                "expectedBp": 130000000000.0,
                "expectedValue": {
                    "bp_card": 130000000000
                }
            },
            "amount": 1,
            "prob": 0.7
        },
        {
            "item": {
                "id": "8412",
                "name": "[일반 1+등급] DC 포함 Top Price 190 (5강, 108+)",
                "image": null,
                "expectedBp": 155643547634.48642,
                "expectedValue": {
                    "bp_player": 169177769167.92
                }
            },
            "amount": 1,
            "prob": 0.3
        }
    ]
}