{
    "id": "8462",
    "name": "[일반 1+등급] 'BP 카드 1300억' or 'DC 포함 5강 선수팩'",
    "image": "/assets/images/item/201704642_s.png",
    "expectedBp": 135158700563.88112,
    "expectedValue": {
        "bp_card": 91000000000.0,
        "bp_player": 47998587569.436
    },
    "percentile": {
        "0": 3496000000000.0,
        "1": 415840000000.0,
        "2": 263120000000.0,
        "5": 193200000000.0,
        "10": 130000000000,
        "20": 130000000000,
        "30": 130000000000,
        "40": 130000000000,
        "50": 130000000000,
        "60": 130000000000,
        "70": 130000000000,
        "80": 125120000000.0,
        "90": 96600000000.0,
        "100": 81236000000.0
    },
    "itemList": [
        {
            "type": "bp",
            "item": {
                "id": -1,
                "name": "[일반 1+등급] BP 카드 1300억",
                "image": null,
                "expectedBp": 130000000000.0,
                "expectedValue": {
                    "bp_card": 130000000000
                }
            },
            "amount": 1,
            "prob": 0.7
        },
        {
            "type": "playerPack",
            "item": {
                "id": "8412",
                "name": "[일반 1+등급] DC 포함 Top Price 190 (5강, 108+)",
                "image": null,
                "expectedBp": 147195668546.27042,
                "expectedValue": {
                    "bp_player": 159995291898.12
                }
            },
            "amount": 1,
            "prob": 0.3
        }
    ]
}