{
    "id": "6917",
    "name": "[23.07-23.12] ICON 포인트 상자 - 15개",
    "image": null,
    "expectedBp": 1331163944.1710773,
    "expectedValue": {
        "bp_player": 370830374.01290995,
        "bp_card": 990000000.0792
    },
    "percentile": {
        "0": 2502400000000.0,
        "1": 4471200000.0,
        "2": 1900000000,
        "5": 1800000000,
        "10": 1600000000,
        "20": 1400000000,
        "30": 1200000000,
        "40": 1100000000,
        "50": 900000000,
        "60": 800000000,
        "70": 700000000,
        "80": 600000000,
        "90": 500000000,
        "100": 500000000
    },
    "itemList": [
        {
            "item": {
                "id": "5724",
                "name": "[AG] ICON Top Price ALL 선수팩",
                "image": null,
                "expectedBp": 34116394409.187714,
                "expectedValue": {
                    "bp_player": 37083037401.29099
                }
            },
            "amount": 1,
            "prob": 0.01
        },
        {
            "item": {
                "id": "6925",
                "name": "[AG] 행운의 BP 카드 (5억~20억 BP)",
                "image": null,
                "expectedBp": 1000000000.08,
                "expectedValue": {
                    "bp_card": 1000000000.08
                }
            },
            "amount": 1,
            "prob": 0.99
        }
    ]
}