{
    "id": "7613",
    "name": "[S2][Premium ICON TM 코인] 3개 투입 잠금상자",
    "image": null,
    "expectedBp": 72048109408.00514,
    "expectedValue": {
        "bp_player": 35921858052.179504,
        "bp_card": 39000000000.0
    },
    "percentile": {
        "0": 17112000000000.0,
        "1": 266800000000.0,
        "2": 150000000000,
        "5": 150000000000,
        "10": 120000000000,
        "20": 90000000000,
        "30": 75808000000.0,
        "40": 60000000000,
        "50": 58696000000.0,
        "60": 34500000000.0,
        "70": 30000000000,
        "80": 30000000000,
        "90": 30000000000,
        "100": 8454800000.0
    },
    "itemList": [
        {
            "item": {
                "id": "7598",
                "name": "[코인 상점] CC Top Price 60 선수팩 (5강, 106+)",
                "image": null,
                "expectedBp": 96217757018.6844,
                "expectedValue": {
                    "bp_player": 104584518498.56999
                }
            },
            "amount": 1,
            "prob": 0.05
        },
        {
            "item": {
                "id": "7599",
                "name": "[코인 상점] FCA, 23HW Top Price 50 선수팩 (5강, 108+)",
                "image": null,
                "expectedBp": 89360177262.7032,
                "expectedValue": {
                    "bp_player": 97130627459.45999
                }
            },
            "amount": 1,
            "prob": 0.05
        },
        {
            "item": {
                "id": "7606",
                "name": "[코인 상점] HG, RTN, 22UCL Top Price 540 선수팩 (8강, 95+)",
                "image": null,
                "expectedBp": 95076850775.74304,
                "expectedValue": {
                    "bp_player": 103344403017.112
                }
            },
            "amount": 1,
            "prob": 0.25
        },
        {
            "item": {
                "id": "7387",
                "name": "행운의 BP 카드 (300억 ~ 1500억)",
                "image": null,
                "expectedBp": 60000000000.0,
                "expectedValue": {
                    "bp_card": 60000000000.0
                }
            },
            "amount": 1,
            "prob": 0.65
        }
    ]
}