{
    "id": "7615",
    "name": "[S2][Premium ICON TM 코인] 5개 투입 잠금상자",
    "image": null,
    "expectedBp": 104104359128.0233,
    "expectedValue": {
        "bp_player": 113156912095.67749
    },
    "percentile": {
        "0": 17112000000000.0,
        "1": 686320000000.0,
        "2": 372600000000.0,
        "5": 172040000000.0,
        "10": 130640000000.0,
        "20": 110400000000.0,
        "30": 94760000000.0,
        "40": 76268000000.0,
        "50": 74152000000.0,
        "60": 71116000000.0,
        "70": 59616000000.0,
        "80": 46460000000.0,
        "90": 42412000000.0,
        "100": 37260000000.0
    },
    "itemList": [
        {
            "item": {
                "id": "7598",
                "name": "[코인 상점] CC Top Price 60 선수팩 (5강, 106+)",
                "image": null,
                "expectedBp": 96217757018.6844,
                "expectedValue": {
                    "bp_player": 104584518498.56999
                }
            },
            "amount": 1,
            "prob": 0.25
        },
        {
            "item": {
                "id": "7599",
                "name": "[코인 상점] FCA, 23HW Top Price 50 선수팩 (5강, 108+)",
                "image": null,
                "expectedBp": 89360177262.7032,
                "expectedValue": {
                    "bp_player": 97130627459.45999
                }
            },
            "amount": 1,
            "prob": 0.25
        },
        {
            "item": {
                "id": "7602",
                "name": "[코인 상점] HG, RTN, 22UCL Top Price 520 선수팩 (8강, 95+)",
                "image": null,
                "expectedBp": 115419751115.3528,
                "expectedValue": {
                    "bp_player": 125456251212.34
                }
            },
            "amount": 1,
            "prob": 0.5
        }
    ]
}