{
    "id": "7616",
    "name": "[S2][Premium ICON TM 코인] 7개 투입 잠금상자",
    "image": null,
    "expectedBp": 153580801784.65738,
    "expectedValue": {
        "bp_player": 166935654113.75803
    },
    "percentile": {
        "0": 17112000000000.0,
        "1": 807760000000.0,
        "2": 686320000000.0,
        "5": 377200000000.0,
        "10": 242880000000.0,
        "20": 172960000000.0,
        "30": 130640000000.0,
        "40": 117760000000.0,
        "50": 108560000000.0,
        "60": 103040000000.0,
        "70": 79120000000.0,
        "80": 75348000000.0,
        "90": 66424000000.0,
        "100": 47288000000.0
    },
    "itemList": [
        {
            "item": {
                "id": "7604",
                "name": "[코인 상점] CC Top Price 55 선수팩 (5강, 106+)",
                "image": null,
                "expectedBp": 154428628576.67804,
                "expectedValue": {
                    "bp_player": 167857204974.65002
                }
            },
            "amount": 1,
            "prob": 0.4
        },
        {
            "item": {
                "id": "7603",
                "name": "[코인 상점] FCA, 23HW Top Price 40 선수팩 (5강, 108+)",
                "image": null,
                "expectedBp": 148238005564.76242,
                "expectedValue": {
                    "bp_player": 161128266918.22
                }
            },
            "amount": 1,
            "prob": 0.4
        },
        {
            "item": {
                "id": "7601",
                "name": "[코인 상점] HG, RTN, 22UCL Top Price 500 선수팩 (8강, 95+)",
                "image": null,
                "expectedBp": 162570740640.40604,
                "expectedValue": {
                    "bp_player": 176707326783.05002
                }
            },
            "amount": 1,
            "prob": 0.2
        }
    ]
}