{
    "id": "7621",
    "name": "[S2][Premium ICON TM 코인] 10개 이상 투입 잠금상자 올인원 묶음",
    "image": null,
    "expectedBp": 4448224135647.27,
    "expectedValue": {
        "bp_player": 2736656669181.8145,
        "bp_card": 1930500000000.0
    },
    "percentile": null,
    "itemList": [
        {
            "item": {
                "id": "7618",
                "name": "[S2][Premium ICON TM 코인] 10개 투입 잠금상자",
                "image": null,
                "expectedBp": 182979011716.83997,
                "expectedValue": {
                    "bp_player": 198890230126.99997
                }
            },
            "amount": 4,
            "prob": 1.0
        },
        {
            "item": {
                "id": "7619",
                "name": "[S2][Premium ICON TM 코인] 50개 투입 잠금상자",
                "image": null,
                "expectedBp": 1238769362926.6365,
                "expectedValue": {
                    "bp_player": 647031916224.6049,
                    "bp_card": 643500000000.0
                }
            },
            "amount": 3,
            "prob": 1.0
        }
    ]
}