{
    "id": "7803",
    "name": "[ICON 획득 기회!!] 에이전트 + ICON 포인트 의뢰 상자",
    "image": null,
    "expectedBp": 2441498953.2998905,
    "expectedValue": {
        "bp_player": 2653803210.108577
    },
    "percentile": {
        "0": 2502400000000.0,
        "1": 25392000000.0,
        "2": 21988000000.0,
        "5": 7847600000.0,
        "10": 3845600000.0,
        "20": 1738800000.0,
        "30": 1232800000.0,
        "40": 947600000.0,
        "50": 795800000.0,
        "60": 686320000.0,
        "70": 561200000.0,
        "80": 448960000.0,
        "90": 356960000.0,
        "100": 245640000.0
    },
    "itemList": [
        {
            "item": {
                "id": "5724",
                "name": "[AG] ICON Top Price ALL 선수팩",
                "image": null,
                "expectedBp": 34116394409.187714,
                "expectedValue": {
                    "bp_player": 37083037401.29099
                }
            },
            "amount": 1,
            "prob": 0.01
        },
        {
            "item": {
                "id": "7785",
                "name": "[AG] 에이전트 포인트 선수팩 최종 OVR 105~113 (5~8강)",
                "image": null,
                "expectedBp": 2121550514.351529,
                "expectedValue": {
                    "bp_player": 2306033167.773401
                }
            },
            "amount": 1,
            "prob": 0.99
        }
    ]
}