{
    "id": "8151",
    "name": "[마일리지] 아이스 캡 상자",
    "image": null,
    "expectedBp": 166017399363.39597,
    "expectedValue": {
        "bp_player": 180453694960.213
    },
    "percentile": {
        "0": 7580800000000.0,
        "1": 807760000000.0,
        "2": 655040000000.0,
        "5": 368000000000.0,
        "10": 266800000000.0,
        "20": 189520000000.0,
        "30": 149040000000.0,
        "40": 129720000000.0,
        "50": 117760000000.0,
        "60": 113160000000.0,
        "70": 107640000000.0,
        "80": 100280000000.0,
        "90": 82616000000.0,
        "100": 74796000000.0
    },
    "itemList": [
        {
            "item": {
                "id": "8144",
                "name": "[마일리지] DC, JVA, CC 포함 Top Price 180 (5강, 104+)",
                "image": null,
                "expectedBp": 161490600603.91998,
                "expectedValue": {
                    "bp_player": 175533261525.99997
                }
            },
            "amount": 1,
            "prob": 0.45
        },
        {
            "item": {
                "id": "8145",
                "name": "[마일리지] 23HW, HG, RTN, 22UCL Top Price 460 (7강, 97+)",
                "image": null,
                "expectedBp": 169721143802.96722,
                "expectedValue": {
                    "bp_player": 184479504133.66003
                }
            },
            "amount": 1,
            "prob": 0.55
        }
    ]
}