{
    "id": "8152",
    "name": "[마일리지][DC 획득 기회] DC 챌린지! 상자",
    "image": null,
    "expectedBp": 16615287983.287949,
    "expectedValue": {
        "bp_player": 9907921720.96516,
        "bp_card": 7500000000.0
    },
    "percentile": {
        "0": 1518000000000.0,
        "1": 75164000000.0,
        "2": 45724000000.0,
        "5": 40020000000.0,
        "10": 23460000000.0,
        "20": 15000000000,
        "30": 15000000000,
        "40": 15000000000,
        "50": 15000000000,
        "60": 15000000000,
        "70": 9108000000.0,
        "80": 8086800000.0,
        "90": 7672800000.0,
        "100": 4195200000.0
    },
    "itemList": [
        {
            "item": {
                "id": "8146",
                "name": "[마일리지] DC Top Price 50 (1강, 109+)",
                "image": null,
                "expectedBp": 25680794642.349396,
                "expectedValue": {
                    "bp_player": 27913907219.944996
                }
            },
            "amount": 1,
            "prob": 0.03
        },
        {
            "item": {
                "id": "8147",
                "name": "[마일리지] JVA, CC 포함 Top Price 135 (3강, 104+)",
                "image": null,
                "expectedBp": 17889575575.60876,
                "expectedValue": {
                    "bp_player": 19445190843.053
                }
            },
            "amount": 1,
            "prob": 0.17
        },
        {
            "item": {
                "id": "8148",
                "name": "[마일리지] HG, RTN 포함 Top Price 260 (5강, 105+)",
                "image": null,
                "expectedBp": 17678787653.879917,
                "expectedValue": {
                    "bp_player": 19216073536.825996
                }
            },
            "amount": 1,
            "prob": 0.3
        },
        {
            "item": {
                "id": -1,
                "name": "[마일리지] BP 카드 150억",
                "image": null,
                "expectedBp": 15000000000.0,
                "expectedValue": {
                    "bp_card": 15000000000
                }
            },
            "amount": 1,
            "prob": 0.5
        }
    ]
}