{
    "id": "8168",
    "name": "눈송이 상자",
    "image": null,
    "expectedBp": 3561971320.39184,
    "expectedValue": {
        "bp_player": 2730403609.252,
        "bp_card": 1049999999.8800001
    },
    "percentile": {
        "0": 568560000000.0,
        "1": 22632000000.0,
        "2": 8316800000.0,
        "5": 5823600000.0,
        "10": 5000000000,
        "20": 3772000000.0,
        "30": 3496000000.0,
        "40": 3229200000.0,
        "50": 3000000000,
        "60": 2500000000,
        "70": 1748000000.0,
        "80": 1702000000.0,
        "90": 1674400000.0,
        "100": 1554800000.0
    },
    "itemList": [
        {
            "item": {
                "id": "8153",
                "name": "HG, RTN 포함 Top Price 480 (5강, 103+)",
                "image": null,
                "expectedBp": 4832059230.07336,
                "expectedValue": {
                    "bp_player": 5252238293.558001
                }
            },
            "amount": 1,
            "prob": 0.05
        },
        {
            "item": {
                "id": "8154",
                "name": "HG, RTN 포함 Top Price 140 (3강, 105+)",
                "image": null,
                "expectedBp": 2853751984.8236,
                "expectedValue": {
                    "bp_player": 3101904331.33
                }
            },
            "amount": 1,
            "prob": 0.25
        },
        {
            "item": {
                "id": "8155",
                "name": "23HEROES 포함 Top Price 400 (5강, 103+)",
                "image": null,
                "expectedBp": 3892325907.0056796,
                "expectedValue": {
                    "bp_player": 4230789029.353999
                }
            },
            "amount": 1,
            "prob": 0.4
        },
        {
            "item": {
                "id": "7923",
                "name": "행운의 BP 카드 (25억~50억 BP)",
                "image": null,
                "expectedBp": 3499999999.6000004,
                "expectedValue": {
                    "bp_card": 3499999999.6000004
                }
            },
            "amount": 1,
            "prob": 0.3
        }
    ]
}