{
    "id": "8170",
    "name": "[신규] 12월 BP 비밀 상자",
    "image": null,
    "expectedBp": 45532085570.25001,
    "expectedValue": {
        "bp_card": 45532085570.25001
    },
    "percentile": {
        "0": 160000000000,
        "1": 150000000000,
        "2": 120000000000,
        "5": 90000000000,
        "10": 80000000000,
        "20": 60000000000,
        "30": 50000000000,
        "40": 35000000000,
        "50": 35000000000,
        "60": 35000000000,
        "70": 35000000000,
        "80": 30000000000,
        "90": 30000000000,
        "100": 30000000000
    },
    "itemList": [
        {
            "item": {
                "id": "8165",
                "name": "행운의 BP 카드 (800억~1600억 BP)",
                "image": null,
                "expectedBp": 99411764703.0,
                "expectedValue": {
                    "bp_card": 99411764703.0
                }
            },
            "amount": 1,
            "prob": 0.1
        },
        {
            "item": {
                "id": "7928",
                "name": "행운의 BP 카드 (300억~600억 BP)",
                "image": null,
                "expectedBp": 39545454555.5,
                "expectedValue": {
                    "bp_card": 39545454555.5
                }
            },
            "amount": 1,
            "prob": 0.9
        }
    ]
}