{
    "id": "8223",
    "name": "[23.12 빌드업] [ICON TM 0.1%][CC 8강 1%] 상자",
    "image": null,
    "expectedBp": 167496498527.66907,
    "expectedValue": {
        "bp_player": 114262498399.64029,
        "bp_card": 62375000000.0
    },
    "percentile": {
        "0": 73416000000000.0,
        "1": 1334000000000.0,
        "2": 522560000000.0,
        "5": 311880000000.0,
        "10": 233680000000.0,
        "20": 200000000000,
        "30": 147200000000.0,
        "40": 108560000000.0,
        "50": 100000000000,
        "60": 100000000000,
        "70": 100000000000,
        "80": 92000000000.0,
        "90": 72772000000.0,
        "100": 51428000000.0
    },
    "itemList": [
        {
            "item": {
                "id": "7722",
                "name": "[일반] ICON TM All 선수팩 (1강)",
                "image": null,
                "expectedBp": 2259263254636.5757,
                "expectedValue": {
                    "bp_player": 2455720928952.8
                }
            },
            "amount": 1,
            "prob": 0.001
        },
        {
            "item": {
                "id": "7727",
                "name": "CC Top Price 105 선수팩 (8강, 101+)",
                "image": null,
                "expectedBp": 2347620824071.308,
                "expectedValue": {
                    "bp_player": 2551761765294.9
                }
            },
            "amount": 1,
            "prob": 0.01
        },
        {
            "item": {
                "id": "8177",
                "name": "FCA, 23HW 포함 Top Price 1700 선수팩 (8강, 98+)",
                "image": null,
                "expectedBp": 162012300065.958,
                "expectedValue": {
                    "bp_player": 176100326158.65
                }
            },
            "amount": 1,
            "prob": 0.49
        },
        {
            "item": {
                "id": "7753",
                "name": "[2000억 25%] 행운의 BP 카드 (1000억, 2000억)",
                "image": null,
                "expectedBp": 125000000000.0,
                "expectedValue": {
                    "bp_card": 125000000000.0
                }
            },
            "amount": 1,
            "prob": 0.499
        }
    ]
}