{
    "id": "8224",
    "name": "[23.12 빌드업] [ICON TM 0.05%] 알쏭달쏭 12월 상자",
    "image": null,
    "expectedBp": 78664231058.81976,
    "expectedValue": {
        "bp_player": 63086120716.108444,
        "bp_card": 20625000000.0
    },
    "percentile": {
        "0": 52440000000000.0,
        "1": 579600000000.0,
        "2": 285200000000.0,
        "5": 117760000000.0,
        "10": 100000000000,
        "20": 86388000000.0,
        "30": 72680000000.0,
        "40": 50000000000,
        "50": 50000000000,
        "60": 50000000000,
        "70": 45172000000.0,
        "80": 41308000000.0,
        "90": 32660000000.0,
        "100": 25760000000.0
    },
    "itemList": [
        {
            "item": {
                "id": "7722",
                "name": "[일반] ICON TM All 선수팩 (1강)",
                "image": null,
                "expectedBp": 2259263254636.5757,
                "expectedValue": {
                    "bp_player": 2455720928952.8
                }
            },
            "amount": 1,
            "prob": 0.0005
        },
        {
            "item": {
                "id": "8178",
                "name": "FCA, 23HW 포함 Top Price 1840 선수팩 (8강, 98+)",
                "image": null,
                "expectedBp": 89518605405.27,
                "expectedValue": {
                    "bp_player": 97302831962.25
                }
            },
            "amount": 1,
            "prob": 0.33399999999999996
        },
        {
            "item": {
                "id": "8181",
                "name": "DC 포함 Top Price 270 선수팩 (5강, 105+)",
                "image": null,
                "expectedBp": 80507854623.37201,
                "expectedValue": {
                    "bp_player": 87508537634.1
                }
            },
            "amount": 1,
            "prob": 0.33549999999999996
        },
        {
            "item": {
                "id": "7752",
                "name": "[1000억 25%] 행운의 BP 카드 (500억, 1000억)",
                "image": null,
                "expectedBp": 62500000000.0,
                "expectedValue": {
                    "bp_card": 62500000000.0
                }
            },
            "amount": 1,
            "prob": 0.33
        }
    ]
}