{
    "id": "8227",
    "name": "[23.12] 산타의 셀렉티드 멀티 강화 상자",
    "image": null,
    "expectedBp": 52048870377.278496,
    "expectedValue": {
        "bp_player": 56574859105.737495
    },
    "percentile": {
        "0": 23000000000000.0,
        "1": 303600000000.0,
        "2": 178480000000.0,
        "5": 107640000000.0,
        "10": 78200000000.0,
        "20": 49956000000.0,
        "30": 41860000000.0,
        "40": 39468000000.0,
        "50": 36064000000.0,
        "60": 31188000000.0,
        "70": 28520000000.0,
        "80": 25392000000.0,
        "90": 23460000000.0,
        "100": 21252000000.0
    },
    "itemList": [
        {
            "item": {
                "id": "8188",
                "name": "23HW, 23HEROES, 23PL, 23KL Top Price 390 선수팩 (8강, 90+)",
                "image": null,
                "expectedBp": 61437888954.48319,
                "expectedValue": {
                    "bp_player": 66780314080.95999
                }
            },
            "amount": 1,
            "prob": 0.25
        },
        {
            "item": {
                "id": "8189",
                "name": "23HW, 23HEROES, 23PL, 23KL Top Price 280 선수팩 (7강, 90+)",
                "image": null,
                "expectedBp": 64796800050.21719,
                "expectedValue": {
                    "bp_player": 70431304402.40999
                }
            },
            "amount": 1,
            "prob": 0.25
        },
        {
            "item": {
                "id": "8190",
                "name": "23HW, 23HEROES, 23PL, 23KL Top Price 220 선수팩 (6강, 90+)",
                "image": null,
                "expectedBp": 44261271197.926,
                "expectedValue": {
                    "bp_player": 48110077389.05
                }
            },
            "amount": 1,
            "prob": 0.25
        },
        {
            "item": {
                "id": "8191",
                "name": "23HW, 23HEROES, 23PL, 23KL Top Price 140 선수팩 (5강, 90+)",
                "image": null,
                "expectedBp": 37699521306.4876,
                "expectedValue": {
                    "bp_player": 40977740550.53
                }
            },
            "amount": 1,
            "prob": 0.25
        }
    ]
}