{
    "id": "8248",
    "name": "[AG] 2023 디셈버 럭키 박스 - 110+",
    "image": null,
    "expectedBp": 3757608747.229263,
    "expectedValue": {
        "bp_player": 73220970.7096,
        "bp_card": 3690245454.1764307
    },
    "percentile": {
        "0": 2934800000000.0,
        "1": 4200000000,
        "2": 4200000000,
        "5": 4100000000,
        "10": 4000000000,
        "20": 3900000000,
        "30": 3900000000,
        "40": 3800000000,
        "50": 3700000000,
        "60": 3700000000,
        "70": 3500000000,
        "80": 3400000000,
        "90": 3300000000,
        "100": 3200000000
    },
    "itemList": [
        {
            "item": {
                "id": "8236",
                "name": "[AG][23.12] CC 포함 OVR 102~103 선수팩 (7~8강)",
                "image": null,
                "expectedBp": 67363293052.83201,
                "expectedValue": {
                    "bp_player": 73220970709.6
                }
            },
            "amount": 1,
            "prob": 0.001
        },
        {
            "item": {
                "id": "8242",
                "name": "[AG] 행운의 BP 카드 (32억~42억 BP)",
                "image": null,
                "expectedBp": 3693939393.57,
                "expectedValue": {
                    "bp_card": 3693939393.57
                }
            },
            "amount": 1,
            "prob": 0.9990000000000001
        }
    ]
}