{
    "id": "8250",
    "name": "[AG] 2023 디셈버 럭키 박스 - 108+",
    "image": null,
    "expectedBp": 1608506310.6302252,
    "expectedValue": {
        "bp_player": 20034033.127223007,
        "bp_card": 1590075000.1531801
    },
    "percentile": {
        "0": 1748000000000.0,
        "1": 1800000000,
        "2": 1800000000,
        "5": 1800000000,
        "10": 1750000000,
        "20": 1700000000,
        "30": 1650000000,
        "40": 1600000000,
        "50": 1600000000,
        "60": 1550000000,
        "70": 1500000000,
        "80": 1500000000,
        "90": 1450000000,
        "100": 1400000000
    },
    "itemList": [
        {
            "item": {
                "id": "8238",
                "name": "[AG][23.12] CC 포함 OVR 100~101 선수팩 (7~8강)",
                "image": null,
                "expectedBp": 18431310477.045166,
                "expectedValue": {
                    "bp_player": 20034033127.223007
                }
            },
            "amount": 1,
            "prob": 0.001
        },
        {
            "item": {
                "id": "8244",
                "name": "[AG] 행운의 BP 카드 (14억~18억 BP)",
                "image": null,
                "expectedBp": 1591666666.82,
                "expectedValue": {
                    "bp_card": 1591666666.82
                }
            },
            "amount": 1,
            "prob": 0.9990000000000001
        }
    ]
}