{
    "id": "8465",
    "name": "[스페셜 1+등급][최종 OVR 122+ 선수팩 포함] 트리플 크리스마스 상자",
    "image": null,
    "expectedBp": 312787202712.21545,
    "expectedValue": {
        "bp_player": 339986089904.58203
    },
    "percentile": {
        "0": 73416000000000.0,
        "1": 1499600000000.0,
        "2": 1039600000000.0,
        "5": 703800000000.0,
        "10": 506000000000.0,
        "20": 356040000000.0,
        "30": 276000000000.0,
        "40": 254840000000.0,
        "50": 241960000000.0,
        "60": 226320000000.0,
        "70": 208840000000.0,
        "80": 189520000000.0,
        "90": 172960000000.0,
        "100": 149040000000.0
    },
    "itemList": [
        {
            "item": {
                "id": "8426",
                "name": "[스페셜 1+등급] JVA, CC 포함 최종 OVR 122+ 멀티 강화 선수팩",
                "image": null,
                "expectedBp": 1489500832661.7,
                "expectedValue": {
                    "bp_player": 1619022644197.5
                }
            },
            "amount": 1,
            "prob": 0.02
        },
        {
            "item": {
                "id": "8427",
                "name": "[스페셜 1+등급] JVA, CC, 23HW, HG, RTN Top Price 585 (8강, 98+)",
                "image": null,
                "expectedBp": 329502509895.56805,
                "expectedValue": {
                    "bp_player": 358154902060.4
                }
            },
            "amount": 1,
            "prob": 0.18
        },
        {
            "item": {
                "id": "8428",
                "name": "[스페셜 1+등급] 24HEROES, DC, CC Top Price 90 (5강, 108+)",
                "image": null,
                "expectedBp": 279608417847.224,
                "expectedValue": {
                    "bp_player": 303922193312.2
                }
            },
            "amount": 1,
            "prob": 0.8
        }
    ]
}