{
    "id": "8468",
    "name": "[스페셜 1등급] 'BP 카드 1000억' or 'DC, CC 5강 선수팩'",
    "image": null,
    "expectedBp": 104777030767.94849,
    "expectedValue": {
        "bp_card": 70000000000.0,
        "bp_player": 37801120399.944
    },
    "percentile": {
        "0": 3496000000000.0,
        "1": 255760000000.0,
        "2": 210680000000.0,
        "5": 118680000000.0,
        "10": 105800000000.0,
        "20": 100000000000,
        "30": 100000000000,
        "40": 100000000000,
        "50": 100000000000,
        "60": 100000000000,
        "70": 100000000000,
        "80": 100000000000,
        "90": 86388000000.0,
        "100": 76084000000.0
    },
    "itemList": [
        {
            "item": {
                "id": -1,
                "name": "[스페셜 1등급] BP 카드 1000억",
                "image": null,
                "expectedBp": 100000000000.0,
                "expectedValue": {
                    "bp_card": 100000000000
                }
            },
            "amount": 1,
            "prob": 0.7
        },
        {
            "item": {
                "id": "8435",
                "name": "[스페셜 1등급] DC, CC Top Price 130 (5강, 108+)",
                "image": null,
                "expectedBp": 115923435893.16162,
                "expectedValue": {
                    "bp_player": 126003734666.48001
                }
            },
            "amount": 1,
            "prob": 0.3
        }
    ]
}