{
    "id": "8469",
    "name": "'ICON TM' or '최종 OVR 121+' or 'CC 포함 8강' 상자",
    "image": null,
    "expectedBp": 547729394023.4033,
    "expectedValue": {
        "bp_player": 595358036981.9601
    },
    "percentile": {
        "0": 73416000000000.0,
        "1": 2980800000000.0,
        "2": 1950400000000.0,
        "5": 1048800000000.0,
        "10": 800400000000.0,
        "20": 624680000000.0,
        "30": 533600000000.0,
        "40": 480240000000.0,
        "50": 426880000000.0,
        "60": 388240000000.0,
        "70": 345920000000.0,
        "80": 287040000000.0,
        "90": 276000000000.0,
        "100": 257600000000.0
    },
    "itemList": [
        {
            "item": {
                "id": "7958",
                "name": "[P] ICON TM ALL 선수팩 (1강)",
                "image": null,
                "expectedBp": 2259263254636.5757,
                "expectedValue": {
                    "bp_player": 2455720928952.8
                }
            },
            "amount": 1,
            "prob": 0.025
        },
        {
            "item": {
                "id": "8445",
                "name": "[P] JVA, CC 포함 최종 OVR 121+ 멀티 강화 선수팩",
                "image": null,
                "expectedBp": 1093117787642.9923,
                "expectedValue": {
                    "bp_player": 1188171508307.6003
                }
            },
            "amount": 1,
            "prob": 0.075
        },
        {
            "item": {
                "id": "8446",
                "name": "[P] CC, 23HW, HG, 22UCL, RTN Top Price 700 (8강, 98+)",
                "image": null,
                "expectedBp": 454737753982.51605,
                "expectedValue": {
                    "bp_player": 494280167372.30005
                }
            },
            "amount": 1,
            "prob": 0.9
        }
    ]
}