{
    "id": "8470",
    "name": "'ICON TM' or 'CC 포함 8강' 상자",
    "image": null,
    "expectedBp": 252143229991.53915,
    "expectedValue": {
        "bp_player": 274068728251.67297
    },
    "percentile": {
        "0": 73416000000000.0,
        "1": 1030400000000.0,
        "2": 771880000000.0,
        "5": 554760000000.0,
        "10": 460000000000.0,
        "20": 278760000000.0,
        "30": 249320000000.0,
        "40": 223560000000.0,
        "50": 170200000000.0,
        "60": 156400000000.0,
        "70": 142600000000.0,
        "80": 124200000000.0,
        "90": 116840000000.0,
        "100": 114080000000.0
    },
    "itemList": [
        {
            "item": {
                "id": "7958",
                "name": "[P] ICON TM ALL 선수팩 (1강)",
                "image": null,
                "expectedBp": 2259263254636.5757,
                "expectedValue": {
                    "bp_player": 2455720928952.8
                }
            },
            "amount": 1,
            "prob": 0.01
        },
        {
            "item": {
                "id": "8447",
                "name": "[P] CC, FCA, 23HW 포함 Top Price 780 (8강, 98+)",
                "image": null,
                "expectedBp": 231869290348.66,
                "expectedValue": {
                    "bp_player": 252031837335.5
                }
            },
            "amount": 1,
            "prob": 0.99
        }
    ]
}