{
    "id": "8475",
    "name": "[1조 BP, FCA 8강 포함] 스페셜 치얼업 상자",
    "image": null,
    "expectedBp": 128381676886.41034,
    "expectedValue": {
        "bp_card": 10000000000.0,
        "bp_player": 128675735746.09819
    },
    "percentile": {
        "0": 25668000000000.0,
        "1": 1000000000000,
        "2": 432400000000.0,
        "5": 244720000000.0,
        "10": 180320000000.0,
        "20": 138000000000.0,
        "30": 118680000000.0,
        "40": 112240000000.0,
        "50": 105800000000.0,
        "60": 91448000000.0,
        "70": 82064000000.0,
        "80": 76360000000.0,
        "90": 74152000000.0,
        "100": 66976000000.0
    },
    "itemList": [
        {
            "item": {
                "id": -1,
                "name": "[P] BP 카드 1조",
                "image": null,
                "expectedBp": 1000000000000.0,
                "expectedValue": {
                    "bp_card": 1000000000000
                }
            },
            "amount": 1,
            "prob": 0.01
        },
        {
            "item": {
                "id": "8453",
                "name": "[P] FCA 포함 Top Price 940 (8강, 98+)",
                "image": null,
                "expectedBp": 131342976552.32559,
                "expectedValue": {
                    "bp_player": 142764104948.18
                }
            },
            "amount": 1,
            "prob": 0.49
        },
        {
            "item": {
                "id": "8454",
                "name": "[P] 24HEROES, DC 포함 Top Price 210 (5강, 107+)",
                "image": null,
                "expectedBp": 108047236751.54158,
                "expectedValue": {
                    "bp_player": 117442648642.97998
                }
            },
            "amount": 1,
            "prob": 0.5
        }
    ]
}