{
    "id": "8230",
    "name": "[DC 5강 20%] DC 50명 (1강) or 100명 (5강) 상자",
    "image": null,
    "expectedBp": 44980379822.2888,
    "expectedValue": {
        "bp_player": 48891717198.14
    },
    "percentile": {
        "0": 1748000000000.0,
        "1": 443440000000.0,
        "2": 241960000000.0,
        "5": 117760000000.0,
        "10": 91448000000.0,
        "20": 70564000000.0,
        "30": 40480000000.0,
        "40": 26864000000.0,
        "50": 24196000000.0,
        "60": 13524000000.0,
        "70": 13156000000.0,
        "80": 12236000000.0,
        "90": 11316000000.0,
        "100": 6026000000.0
    },
    "itemList": [
        {
            "item": {
                "id": "8205",
                "name": "DC Top Price 100 선수팩 (5강, 103+)",
                "image": null,
                "expectedBp": 112231803945.6944,
                "expectedValue": {
                    "bp_player": 121991091245.31999
                }
            },
            "amount": 1,
            "prob": 0.2
        },
        {
            "item": {
                "id": "8173",
                "name": "DC 50명 지명 선수팩 (1강, 109+)",
                "image": null,
                "expectedBp": 28167523791.437397,
                "expectedValue": {
                    "bp_player": 30616873686.344997
                }
            },
            "amount": 1,
            "prob": 0.8
        }
    ]
}