{
    "type": "box",
    "id": "8230",
    "name": "[DC 5강 20%] DC 50명 (1강) or 100명 (5강) 상자",
    "image": "201704579_s",
    "expectedBp": 41470143839.66638,
    "expectedValue": {
        "bp_player": 45076243303.9852
    },
    "percentile": {
        "0": 1812400000000.0,
        "1": 496800000000.0,
        "2": 266800000000.0,
        "5": 103960000000.0,
        "10": 83352000000.0,
        "20": 54188000000.0,
        "30": 35972000000.0,
        "40": 24472000000.0,
        "50": 23092000000.0,
        "60": 12696000000.0,
        "70": 9936000000.0,
        "80": 9752000000.0,
        "90": 9476000000.0,
        "100": 3155600000.0
    },
    "itemList": [
        {
            "item": {
                "type": "player-pack",
                "id": "8205",
                "name": "DC Top Price 100 선수팩 (5강, 103+)",
                "image": null,
                "expectedBp": 100790109754.99081,
                "expectedValue": {
                    "bp_player": 109554467124.99
                }
            },
            "amount": 1,
            "prob": 0.2
        },
        {
            "item": {
                "type": "player-pack",
                "id": "8173",
                "name": "DC 50명 지명 선수팩 (1강, 109+)",
                "image": null,
                "expectedBp": 26640152360.835274,
                "expectedValue": {
                    "bp_player": 28956687348.733994
                }
            },
            "amount": 1,
            "prob": 0.8
        }
    ]
}