{
    "id": "8230",
    "name": "[DC 5강 20%] DC 50명 (1강) or 100명 (5강) 상자",
    "image": "/assets/images/item/201704579_s.png",
    "expectedBp": 39685273184.241936,
    "expectedValue": {
        "bp_player": 43136166504.610794
    },
    "percentile": {
        "0": 1775600000000.0,
        "1": 418600000000.0,
        "2": 238280000000.0,
        "5": 100280000000.0,
        "10": 81236000000.0,
        "20": 58604000000.0,
        "30": 36340000000.0,
        "40": 23828000000.0,
        "50": 22632000000.0,
        "60": 12972000000.0,
        "70": 7709600000.0,
        "80": 7222000000.0,
        "90": 6844800000.0,
        "100": 3404000000.0
    },
    "itemList": [
        {
            "type": "playerPack",
            "item": {
                "id": "8205",
                "name": "DC Top Price 100 선수팩 (5강, 103+)",
                "image": null,
                "expectedBp": 100268880271.96278,
                "expectedValue": {
                    "bp_player": 108987913339.08998
                }
            },
            "amount": 1,
            "prob": 0.2
        },
        {
            "type": "playerPack",
            "item": {
                "id": "8173",
                "name": "DC 50명 지명 선수팩 (1강, 109+)",
                "image": null,
                "expectedBp": 24539371412.31172,
                "expectedValue": {
                    "bp_player": 26673229795.991
                }
            },
            "amount": 1,
            "prob": 0.8
        }
    ]
}