{
    "type": "box",
    "id": "7615",
    "name": "[S2][Premium ICON TM 코인] 5개 투입 잠금상자",
    "image": null,
    "expectedBp": 96996414750.99951,
    "expectedValue": {
        "bp_player": 105430885598.9125
    },
    "percentile": {
        "0": 17112000000000.0,
        "1": 699200000000.0,
        "2": 334880000000.0,
        "5": 166520000000.0,
        "10": 118680000000.0,
        "20": 91080000000.0,
        "30": 81972000000.0,
        "40": 77280000000.0,
        "50": 69828000000.0,
        "60": 65872000000.0,
        "70": 59156000000.0,
        "80": 43332000000.0,
        "90": 38088000000.0,
        "100": 33672000000.0
    },
    "itemList": [
        {
            "item": {
                "type": "player-pack",
                "id": "7598",
                "name": "[코인 상점] CC Top Price 60 선수팩 (5강, 106+)",
                "image": null,
                "expectedBp": 96876361339.6324,
                "expectedValue": {
                    "bp_player": 105300392760.47
                }
            },
            "amount": 1,
            "prob": 0.25
        },
        {
            "item": {
                "type": "player-pack",
                "id": "7599",
                "name": "[코인 상점] FCA, 23HW Top Price 50 선수팩 (5강, 108+)",
                "image": null,
                "expectedBp": 84120590549.12642,
                "expectedValue": {
                    "bp_player": 91435424509.92001
                }
            },
            "amount": 1,
            "prob": 0.25
        },
        {
            "item": {
                "type": "player-pack",
                "id": "7602",
                "name": "[코인 상점] HG, RTN, 22UCL Top Price 520 선수팩 (8강, 95+)",
                "image": null,
                "expectedBp": 103494353557.61961,
                "expectedValue": {
                    "bp_player": 112493862562.63
                }
            },
            "amount": 1,
            "prob": 0.5
        }
    ]
}