{
    "id": "7615",
    "name": "[S2][Premium ICON TM 코인] 5개 투입 잠금상자",
    "image": null,
    "expectedBp": 94580651349.77701,
    "expectedValue": {
        "bp_player": 102805055814.975
    },
    "percentile": {
        "0": 17112000000000.0,
        "1": 701960000000.0,
        "2": 358800000000.0,
        "5": 166520000000.0,
        "10": 109480000000.0,
        "20": 87952000000.0,
        "30": 79948000000.0,
        "40": 73324000000.0,
        "50": 69828000000.0,
        "60": 61180000000.0,
        "70": 55476000000.0,
        "80": 44620000000.0,
        "90": 38180000000.0,
        "100": 31188000000.0
    },
    "itemList": [
        {
            "item": {
                "id": "7598",
                "name": "[코인 상점] CC Top Price 60 선수팩 (5강, 106+)",
                "image": null,
                "expectedBp": 94563564483.38123,
                "expectedValue": {
                    "bp_player": 102786483134.11002
                }
            },
            "amount": 1,
            "prob": 0.25
        },
        {
            "item": {
                "id": "7599",
                "name": "[코인 상점] FCA, 23HW Top Price 50 선수팩 (5강, 108+)",
                "image": null,
                "expectedBp": 82851941103.62363,
                "expectedValue": {
                    "bp_player": 90056457721.33002
                }
            },
            "amount": 1,
            "prob": 0.25
        },
        {
            "item": {
                "id": "7602",
                "name": "[코인 상점] HG, RTN, 22UCL Top Price 520 선수팩 (8강, 95+)",
                "image": null,
                "expectedBp": 100453549906.0516,
                "expectedValue": {
                    "bp_player": 109188641202.23
                }
            },
            "amount": 1,
            "prob": 0.5
        }
    ]
}