{
    "type": "bp",
    "id": "8162",
    "name": "행운의 BP 카드 (30억~60억 BP)",
    "image": null,
    "expectedBp": 4400000000.4,
    "expectedValue": {
        "bp_card": 4400000000.4
    },
    "percentile": {
        "0": 6000000000,
        "1": 6000000000,
        "2": 6000000000,
        "5": 6000000000,
        "10": 6000000000,
        "20": 6000000000,
        "30": 4000000000,
        "40": 4000000000,
        "50": 4000000000,
        "60": 4000000000,
        "70": 4000000000,
        "80": 4000000000,
        "90": 4000000000,
        "100": 3000000000
    },
    "itemList": [
        {
            "amount": 1,
            "value": 6000000000,
            "prob": 0.2
        },
        {
            "amount": 1,
            "value": 5000000000,
            "prob": 0.0666666667
        },
        {
            "amount": 1,
            "value": 4000000000,
            "prob": 0.6666666667
        },
        {
            "amount": 1,
            "value": 3000000000,
            "prob": 0.0666666667
        }
    ]
}