{
    "type": "box",
    "id": "8223",
    "name": "[23.12 빌드업] [ICON TM 0.1%][CC 8강 1%] 상자",
    "image": null,
    "expectedBp": 161865242904.59906,
    "expectedValue": {
        "bp_player": 108141568374.56421,
        "bp_card": 62375000000.0
    },
    "percentile": {
        "0": 73416000000000.0,
        "1": 1343200000000.0,
        "2": 510600000000.0,
        "5": 286120000000.0,
        "10": 216200000000.0,
        "20": 200000000000,
        "30": 137080000000.0,
        "40": 100000000000,
        "50": 100000000000,
        "60": 100000000000,
        "70": 100000000000,
        "80": 83168000000.0,
        "90": 66332000000.0,
        "100": 48760000000.0
    },
    "itemList": [
        {
            "item": {
                "type": "player-pack",
                "id": "7722",
                "name": "[일반] ICON TM All 선수팩 (1강)",
                "image": null,
                "expectedBp": 2255842144252.9243,
                "expectedValue": {
                    "bp_player": 2452002330709.7
                }
            },
            "amount": 1,
            "prob": 0.001
        },
        {
            "item": {
                "type": "player-pack",
                "id": "7727",
                "name": "CC Top Price 105 선수팩 (8강, 101+)",
                "image": null,
                "expectedBp": 2323409696700.0,
                "expectedValue": {
                    "bp_player": 2525445322500.0
                }
            },
            "amount": 1,
            "prob": 0.01
        },
        {
            "item": {
                "type": "player-pack",
                "id": "8177",
                "name": "FCA, 23HW 포함 Top Price 1700 선수팩 (8강, 98+)",
                "image": null,
                "expectedBp": 151021028149.68604,
                "expectedValue": {
                    "bp_player": 164153291467.05002
                }
            },
            "amount": 1,
            "prob": 0.49
        },
        {
            "item": {
                "type": "bp",
                "id": "7753",
                "name": "[2000억 25%] 행운의 BP 카드 (1000억, 2000억)",
                "image": null,
                "expectedBp": 125000000000.0,
                "expectedValue": {
                    "bp_card": 125000000000.0
                }
            },
            "amount": 1,
            "prob": 0.499
        }
    ]
}