{
    "type": "box",
    "id": "8168",
    "name": "눈송이 상자",
    "image": "201704555_s",
    "expectedBp": 3682776894.92614,
    "expectedValue": {
        "bp_player": 2861714016.3545,
        "bp_card": 1049999999.8800001
    },
    "percentile": {
        "0": 631120000000.0,
        "1": 21528000000.0,
        "2": 8105200000.0,
        "5": 6762000000.0,
        "10": 5000000000,
        "20": 3919200000.0,
        "30": 3781200000.0,
        "40": 3500000000,
        "50": 3000000000,
        "60": 2500000000,
        "70": 1913600000.0,
        "80": 1876800000.0,
        "90": 1840000000.0,
        "100": 1775600000.0
    },
    "itemList": [
        {
            "item": {
                "type": "player-pack",
                "id": "8153",
                "name": "HG, RTN 포함 Top Price 480 (5강, 103+)",
                "image": null,
                "expectedBp": 5026079631.458481,
                "expectedValue": {
                    "bp_player": 5463130034.194
                }
            },
            "amount": 1,
            "prob": 0.05
        },
        {
            "item": {
                "type": "player-pack",
                "id": "8154",
                "name": "HG, RTN 포함 Top Price 140 (3강, 105+)",
                "image": null,
                "expectedBp": 2977675392.5772796,
                "expectedValue": {
                    "bp_player": 3236603687.5839996
                }
            },
            "amount": 1,
            "prob": 0.25
        },
        {
            "item": {
                "type": "player-pack",
                "id": "8155",
                "name": "23HEROES 포함 Top Price 400 (5강, 103+)",
                "image": null,
                "expectedBp": 4092635163.32224,
                "expectedValue": {
                    "bp_player": 4448516481.872
                }
            },
            "amount": 1,
            "prob": 0.4
        },
        {
            "item": {
                "type": "bp",
                "id": "7923",
                "name": "행운의 BP 카드 (25억~50억 BP)",
                "image": null,
                "expectedBp": 3499999999.6000004,
                "expectedValue": {
                    "bp_card": 3499999999.6000004
                }
            },
            "amount": 1,
            "prob": 0.3
        }
    ]
}