{
    "id": "8168",
    "name": "눈송이 상자",
    "image": "/assets/images/item/201704555_s.png",
    "expectedBp": 3502302223.712032,
    "expectedValue": {
        "bp_player": 2665545895.4695997,
        "bp_card": 1049999999.8800001
    },
    "percentile": {
        "0": 612720000000.0,
        "1": 20792000000.0,
        "2": 7488800000.0,
        "5": 5584400000.0,
        "10": 5000000000,
        "20": 3569600000.0,
        "30": 3431600000.0,
        "40": 3174000000.0,
        "50": 3000000000,
        "60": 2500000000,
        "70": 1803200000.0,
        "80": 1766400000.0,
        "90": 1729600000.0,
        "100": 1628400000.0
    },
    "itemList": [
        {
            "type": "playerPack",
            "item": {
                "id": "8153",
                "name": "HG, RTN 포함 Top Price 480 (5강, 103+)",
                "image": null,
                "expectedBp": 4640986764.279881,
                "expectedValue": {
                    "bp_player": 5044550830.739
                }
            },
            "amount": 1,
            "prob": 0.05
        },
        {
            "type": "playerPack",
            "item": {
                "id": "8154",
                "name": "HG, RTN 포함 Top Price 140 (3강, 105+)",
                "image": null,
                "expectedBp": 2785728930.0405993,
                "expectedValue": {
                    "bp_player": 3027966228.3049994
                }
            },
            "amount": 1,
            "prob": 0.25
        },
        {
            "type": "playerPack",
            "item": {
                "id": "8155",
                "name": "23HEROES 포함 Top Price 400 (5강, 103+)",
                "image": null,
                "expectedBp": 3809551632.76972,
                "expectedValue": {
                    "bp_player": 4140816992.141
                }
            },
            "amount": 1,
            "prob": 0.4
        },
        {
            "type": "bp",
            "item": {
                "id": "7923",
                "name": "행운의 BP 카드 (25억~50억 BP)",
                "image": null,
                "expectedBp": 3499999999.6000004,
                "expectedValue": {
                    "bp_card": 3499999999.6000004
                }
            },
            "amount": 1,
            "prob": 0.3
        }
    ]
}