{
    "type": "box",
    "id": "8249",
    "name": "[AG] 2023 디셈버 럭키 박스 - 109+",
    "image": null,
    "expectedBp": 2336283841.7199564,
    "expectedValue": {
        "bp_player": 41938959.140506014,
        "bp_card": 2297699999.310691
    },
    "percentile": {
        "0": 2456400000000.0,
        "1": 2600000000,
        "2": 2600000000,
        "5": 2600000000,
        "10": 2500000000,
        "20": 2500000000,
        "30": 2400000000,
        "40": 2300000000,
        "50": 2300000000,
        "60": 2300000000,
        "70": 2200000000,
        "80": 2100000000,
        "90": 2100000000,
        "100": 2000000000
    },
    "itemList": [
        {
            "item": {
                "type": "player-pack",
                "id": "8237",
                "name": "[AG][23.12] CC 포함 OVR 101~102 선수팩 (7~8강)",
                "image": null,
                "expectedBp": 38583842409.26553,
                "expectedValue": {
                    "bp_player": 41938959140.50601
                }
            },
            "amount": 1,
            "prob": 0.001
        },
        {
            "item": {
                "type": "bp",
                "id": "8243",
                "name": "[AG] 행운의 BP 카드 (20억~26억 BP)",
                "image": null,
                "expectedBp": 2299999999.3100004,
                "expectedValue": {
                    "bp_card": 2299999999.3100004
                }
            },
            "amount": 1,
            "prob": 0.9990000000000001
        }
    ]
}