{
    "id": "8247",
    "name": "[AG] 2023 디셈버 럭키 박스 - 111+",
    "image": null,
    "expectedBp": 8468918759.591171,
    "expectedValue": {
        "bp_player": 121485909.09960002,
        "bp_card": 8357151723.21954
    },
    "percentile": {
        "0": 5575200000000.0,
        "1": 9600000000,
        "2": 9600000000,
        "5": 9400000000,
        "10": 9200000000,
        "20": 8800000000,
        "30": 8600000000,
        "40": 8400000000,
        "50": 8200000000,
        "60": 8200000000,
        "70": 8000000000,
        "80": 8000000000,
        "90": 7800000000,
        "100": 7800000000
    },
    "itemList": [
        {
            "type": "playerPack",
            "item": {
                "id": "8235",
                "name": "[AG][23.12] CC 포함 OVR 103~104 선수팩 (7~8강)",
                "image": null,
                "expectedBp": 111767036371.63202,
                "expectedValue": {
                    "bp_player": 121485909099.60002
                }
            },
            "amount": 1,
            "prob": 0.001
        },
        {
            "type": "bp",
            "item": {
                "id": "8241",
                "name": "[AG] 행운의 BP 카드 (78억~96억 BP)",
                "image": null,
                "expectedBp": 8365517240.459999,
                "expectedValue": {
                    "bp_card": 8365517240.459999
                }
            },
            "amount": 1,
            "prob": 0.9990000000000001
        }
    ]
}