{
    "type": "box",
    "id": "8461",
    "name": "[일반 1+등급][최종 OVR 120+ 선수팩 포함] 트리플 크리스마스 상자",
    "image": "201704641_s",
    "expectedBp": 160343350201.271,
    "expectedValue": {
        "bp_player": 174286250218.77283
    },
    "percentile": {
        "0": 73416000000000.0,
        "1": 795800000000.0,
        "2": 690000000000.0,
        "5": 435160000000.0,
        "10": 246560000000.0,
        "20": 185840000000.0,
        "30": 138000000000.0,
        "40": 126960000000.0,
        "50": 111320000000.0,
        "60": 101200000000.0,
        "70": 93840000000.0,
        "80": 89516000000.0,
        "90": 83352000000.0,
        "100": 69184000000.0
    },
    "itemList": [
        {
            "item": {
                "type": "player-pack",
                "id": "8407",
                "name": "[일반 1+등급] 24HEROES, DC 포함 최종 OVR 120+ 멀티 강화 선수팩",
                "image": null,
                "expectedBp": 631863339902.4161,
                "expectedValue": {
                    "bp_player": 686807978154.8002
                }
            },
            "amount": 1,
            "prob": 0.02
        },
        {
            "item": {
                "type": "player-pack",
                "id": "8408",
                "name": "[일반 1+등급] CC, FCA, 23HW, HG, RTN Top Price 610 (8강, 98+)",
                "image": null,
                "expectedBp": 155012480904.9152,
                "expectedValue": {
                    "bp_player": 168491827070.55997
                }
            },
            "amount": 1,
            "prob": 0.18
        },
        {
            "item": {
                "type": "player-pack",
                "id": "8409",
                "name": "[일반 1+등급] 24HEROES, DC 포함 Top Price 180 (5강, 108+)",
                "image": null,
                "expectedBp": 149754796050.4224,
                "expectedValue": {
                    "bp_player": 162776952228.72
                }
            },
            "amount": 1,
            "prob": 0.8
        }
    ]
}