{
    "id": "8461",
    "name": "[일반 1+등급][최종 OVR 120+ 선수팩 포함] 트리플 크리스마스 상자",
    "image": null,
    "expectedBp": 171046268385.79434,
    "expectedValue": {
        "bp_player": 185919856941.0808
    },
    "percentile": {
        "0": 73416000000000.0,
        "1": 791200000000.0,
        "2": 686320000000.0,
        "5": 461840000000.0,
        "10": 269560000000.0,
        "20": 210680000000.0,
        "30": 149040000000.0,
        "40": 128800000000.0,
        "50": 117760000000.0,
        "60": 114080000000.0,
        "70": 107640000000.0,
        "80": 100280000000.0,
        "90": 86388000000.0,
        "100": 79212000000.0
    },
    "itemList": [
        {
            "item": {
                "id": "8407",
                "name": "[일반 1+등급] 24HEROES, DC 포함 최종 OVR 120+ 멀티 강화 선수팩",
                "image": null,
                "expectedBp": 648099699415.548,
                "expectedValue": {
                    "bp_player": 704456195016.8999
                }
            },
            "amount": 1,
            "prob": 0.02
        },
        {
            "item": {
                "id": "8408",
                "name": "[일반 1+등급] CC, FCA, 23HW, HG, RTN Top Price 610 (8강, 98+)",
                "image": null,
                "expectedBp": 198788795895.66318,
                "expectedValue": {
                    "bp_player": 216074778147.45996
                }
            },
            "amount": 1,
            "prob": 0.18
        },
        {
            "item": {
                "id": "8409",
                "name": "[일반 1+등급] 24HEROES, DC 포함 Top Price 180 (5강, 108+)",
                "image": null,
                "expectedBp": 152877863920.33002,
                "expectedValue": {
                    "bp_player": 166171591217.75
                }
            },
            "amount": 1,
            "prob": 0.8
        }
    ]
}