{
    "id": "8461",
    "name": "[일반 1+등급][최종 OVR 120+ 선수팩 포함] 트리플 크리스마스 상자",
    "image": "/assets/images/item/201704641_s.png",
    "expectedBp": 156434290865.36304,
    "expectedValue": {
        "bp_player": 170037272679.74243
    },
    "percentile": {
        "0": 73416000000000.0,
        "1": 805000000000.0,
        "2": 703800000000.0,
        "5": 426880000000.0,
        "10": 243800000000.0,
        "20": 186760000000.0,
        "30": 137080000000.0,
        "40": 121440000000.0,
        "50": 100280000000.0,
        "60": 96600000000.0,
        "70": 92000000000.0,
        "80": 86480000000.0,
        "90": 81236000000.0,
        "100": 64308000000.0
    },
    "itemList": [
        {
            "type": "playerPack",
            "item": {
                "id": "8407",
                "name": "[일반 1+등급] 24HEROES, DC 포함 최종 OVR 120+ 멀티 강화 선수팩",
                "image": null,
                "expectedBp": 638254793596.7965,
                "expectedValue": {
                    "bp_player": 693755210431.3005
                }
            },
            "amount": 1,
            "prob": 0.02
        },
        {
            "type": "playerPack",
            "item": {
                "id": "8408",
                "name": "[일반 1+등급] CC, FCA, 23HW, HG, RTN Top Price 610 (8강, 98+)",
                "image": null,
                "expectedBp": 152687733075.8696,
                "expectedValue": {
                    "bp_player": 165964927256.38
                }
            },
            "amount": 1,
            "prob": 0.18
        },
        {
            "type": "playerPack",
            "item": {
                "id": "8409",
                "name": "[일반 1+등급] 24HEROES, DC 포함 Top Price 180 (5강, 108+)",
                "image": null,
                "expectedBp": 145231753799.71323,
                "expectedValue": {
                    "bp_player": 157860601956.21002
                }
            },
            "amount": 1,
            "prob": 0.8
        }
    ]
}