{
    "id": "8025",
    "name": "[S4][Premium ICON TM 코인] 10개 투입 잠금상자",
    "image": null,
    "expectedBp": 331828363221.47003,
    "expectedValue": {
        "bp_player": 265030829588.55438,
        "bp_card": 88000000000.0
    },
    "percentile": {
        "0": 73416000000000.0,
        "1": 2198800000000.0,
        "2": 1830800000000.0,
        "5": 1113200000000.0,
        "10": 703800000000.0,
        "20": 300000000000,
        "30": 300000000000,
        "40": 300000000000,
        "50": 234600000000.0,
        "60": 148120000000.0,
        "70": 100000000000,
        "80": 100000000000,
        "90": 100000000000,
        "100": 86480000000.0
    },
    "itemList": [
        {
            "type": "playerPack",
            "item": {
                "id": "8016",
                "name": "[코인 상점] JVA, CC 포함 Top Price 340 선수팩 (8강, 100+)",
                "image": null,
                "expectedBp": 1190173453084.98,
                "expectedValue": {
                    "bp_player": 1293666796831.5
                }
            },
            "amount": 1,
            "prob": 0.12
        },
        {
            "type": "playerPack",
            "item": {
                "id": "8017",
                "name": "[코인 상점] DC Top Price 70 선수팩 (5강, 108+)",
                "image": null,
                "expectedBp": 229562611025.61923,
                "expectedValue": {
                    "bp_player": 249524577201.76
                }
            },
            "amount": 1,
            "prob": 0.44
        },
        {
            "type": "bp",
            "item": {
                "id": "7779",
                "name": "확률 반반 BP 카드 (1000억, 3000억)",
                "image": null,
                "expectedBp": 200000000000.0,
                "expectedValue": {
                    "bp_card": 200000000000.0
                }
            },
            "amount": 1,
            "prob": 0.44
        }
    ]
}