{
    "type": "box",
    "id": "8475",
    "name": "[1조 BP, FCA 8강 포함] 스페셜 치얼업 상자",
    "image": "201704655_s",
    "expectedBp": 114804622942.44354,
    "expectedValue": {
        "bp_card": 10000000000.0,
        "bp_player": 113918068415.6995
    },
    "percentile": {
        "0": 25668000000000.0,
        "1": 1000000000000,
        "2": 411240000000.0,
        "5": 228160000000.0,
        "10": 138000000000.0,
        "20": 126960000000.0,
        "30": 101200000000.0,
        "40": 92000000000.0,
        "50": 88320000000.0,
        "60": 83352000000.0,
        "70": 79580000000.0,
        "80": 72312000000.0,
        "90": 67252000000.0,
        "100": 61180000000.0
    },
    "itemList": [
        {
            "item": {
                "type": "bp",
                "id": -1,
                "name": "[P] BP 카드 1조",
                "image": null,
                "expectedBp": 1000000000000.0,
                "expectedValue": {
                    "bp_card": 1000000000000
                }
            },
            "amount": 1,
            "prob": 0.01
        },
        {
            "item": {
                "type": "player-pack",
                "id": "8453",
                "name": "[P] FCA 포함 Top Price 940 (8강, 98+)",
                "image": null,
                "expectedBp": 108050828543.386,
                "expectedValue": {
                    "bp_player": 117446552764.55
                }
            },
            "amount": 1,
            "prob": 0.49
        },
        {
            "item": {
                "type": "player-pack",
                "id": "8454",
                "name": "[P] 24HEROES, DC 포함 Top Price 210 (5강, 107+)",
                "image": null,
                "expectedBp": 103719433912.36879,
                "expectedValue": {
                    "bp_player": 112738515122.13998
                }
            },
            "amount": 1,
            "prob": 0.5
        }
    ]
}