{
    "id": "8475",
    "name": "[1조 BP, FCA 8강 포함] 스페셜 치얼업 상자",
    "image": "/assets/images/item/201704655_s.png",
    "expectedBp": 111033256535.01906,
    "expectedValue": {
        "bp_card": 10000000000.0,
        "bp_player": 109818757103.28159
    },
    "percentile": {
        "0": 25668000000000.0,
        "1": 1000000000000,
        "2": 400200000000.0,
        "5": 218960000000.0,
        "10": 146280000000.0,
        "20": 120520000000.0,
        "30": 96600000000.0,
        "40": 89240000000.0,
        "50": 82708000000.0,
        "60": 80040000000.0,
        "70": 76360000000.0,
        "80": 70840000000.0,
        "90": 61640000000.0,
        "100": 56856000000.0
    },
    "itemList": [
        {
            "item": {
                "id": -1,
                "name": "[P] BP 카드 1조",
                "image": null,
                "expectedBp": 1000000000000.0,
                "expectedValue": {
                    "bp_card": 1000000000000
                }
            },
            "amount": 1,
            "prob": 0.01
        },
        {
            "item": {
                "id": "8453",
                "name": "[P] FCA 포함 Top Price 940 (8강, 98+)",
                "image": null,
                "expectedBp": 103449211261.3928,
                "expectedValue": {
                    "bp_player": 112444794849.34
                }
            },
            "amount": 1,
            "prob": 0.49
        },
        {
            "item": {
                "id": "8454",
                "name": "[P] 24HEROES, DC 포함 Top Price 210 (5강, 107+)",
                "image": null,
                "expectedBp": 100686286033.8732,
                "expectedValue": {
                    "bp_player": 109441615254.20999
                }
            },
            "amount": 1,
            "prob": 0.5
        }
    ]
}