{
    "id": "8467",
    "name": "[스페셜 1등급][최종 OVR 120+ 선수팩 포함] 더블 크리스마스 상자",
    "image": null,
    "expectedBp": 119169772573.73851,
    "expectedValue": {
        "bp_player": 129532361493.19403
    },
    "percentile": {
        "0": 73416000000000.0,
        "1": 674360000000.0,
        "2": 512440000000.0,
        "5": 238280000000.0,
        "10": 156400000000.0,
        "20": 117760000000.0,
        "30": 110400000000.0,
        "40": 100280000000.0,
        "50": 91448000000.0,
        "60": 89240000000.0,
        "70": 82800000000.0,
        "80": 79396000000.0,
        "90": 76360000000.0,
        "100": 75992000000.0
    },
    "itemList": [
        {
            "item": {
                "id": "8432",
                "name": "[스페셜 1등급] JVA, CC 포함 최종 OVR 120+ 멀티 강화 선수팩",
                "image": null,
                "expectedBp": 648139905971.216,
                "expectedValue": {
                    "bp_player": 704499897794.7999
                }
            },
            "amount": 1,
            "prob": 0.02
        },
        {
            "item": {
                "id": "8433",
                "name": "[스페셜 1등급] 24HEROES, DC, CC Top Price 140 (5강, 108+)",
                "image": null,
                "expectedBp": 108374463728.89204,
                "expectedValue": {
                    "bp_player": 117798330140.10004
                }
            },
            "amount": 1,
            "prob": 0.98
        }
    ]
}