{
    "id": "8467",
    "name": "[스페셜 1등급][최종 OVR 120+ 선수팩 포함] 더블 크리스마스 상자",
    "image": "/assets/images/item/201704647_s.png",
    "expectedBp": 114453680670.07642,
    "expectedValue": {
        "bp_player": 124406174641.3874
    },
    "percentile": {
        "0": 73416000000000.0,
        "1": 671600000000.0,
        "2": 499560000000.0,
        "5": 220800000000.0,
        "10": 166520000000.0,
        "20": 100280000000.0,
        "30": 96600000000.0,
        "40": 91172000000.0,
        "50": 86480000000.0,
        "60": 84732000000.0,
        "70": 81236000000.0,
        "80": 78844000000.0,
        "90": 78200000000.0,
        "100": 73876000000.0
    },
    "itemList": [
        {
            "item": {
                "id": "8432",
                "name": "[스페셜 1등급] JVA, CC 포함 최종 OVR 120+ 멀티 강화 선수팩",
                "image": null,
                "expectedBp": 638292833052.536,
                "expectedValue": {
                    "bp_player": 693796557665.7999
                }
            },
            "amount": 1,
            "prob": 0.02
        },
        {
            "item": {
                "id": "8433",
                "name": "[스페셜 1등급] 24HEROES, DC, CC Top Price 140 (5강, 108+)",
                "image": null,
                "expectedBp": 103763085723.4956,
                "expectedValue": {
                    "bp_player": 112785962742.93001
                }
            },
            "amount": 1,
            "prob": 0.98
        }
    ]
}