{
    "type": "box",
    "id": "8467",
    "name": "[스페셜 1등급][최종 OVR 120+ 선수팩 포함] 더블 크리스마스 상자",
    "image": "201704647_s",
    "expectedBp": 118465614161.96304,
    "expectedValue": {
        "bp_player": 128766971915.17722
    },
    "percentile": {
        "0": 73416000000000.0,
        "1": 662400000000.0,
        "2": 505080000000.0,
        "5": 228160000000.0,
        "10": 180320000000.0,
        "20": 114080000000.0,
        "30": 101200000000.0,
        "40": 94760000000.0,
        "50": 91080000000.0,
        "60": 86572000000.0,
        "70": 81972000000.0,
        "80": 81512000000.0,
        "90": 80224000000.0,
        "100": 77464000000.0
    },
    "itemList": [
        {
            "item": {
                "type": "player-pack",
                "id": "8432",
                "name": "[스페셜 1등급] JVA, CC 포함 최종 OVR 120+ 멀티 강화 선수팩",
                "image": null,
                "expectedBp": 631899972364.0681,
                "expectedValue": {
                    "bp_player": 686847796047.9001
                }
            },
            "amount": 1,
            "prob": 0.02
        },
        {
            "item": {
                "type": "player-pack",
                "id": "8433",
                "name": "[스페셜 1등급] 24HEROES, DC, CC Top Price 140 (5강, 108+)",
                "image": null,
                "expectedBp": 107987361953.7568,
                "expectedValue": {
                    "bp_player": 117377567341.04001
                }
            },
            "amount": 1,
            "prob": 0.98
        }
    ]
}