{
    "id": "8468",
    "name": "[스페셜 1등급] 'BP 카드 1000억' or 'DC, CC 5강 선수팩'",
    "image": "/assets/images/item/201704648_s.png",
    "expectedBp": 102524281249.84984,
    "expectedValue": {
        "bp_card": 70000000000.0,
        "bp_player": 35352479619.402
    },
    "percentile": {
        "0": 3496000000000.0,
        "1": 241960000000.0,
        "2": 207920000000.0,
        "5": 100280000000.0,
        "10": 100000000000,
        "20": 100000000000,
        "30": 100000000000,
        "40": 100000000000,
        "50": 100000000000,
        "60": 100000000000,
        "70": 100000000000,
        "80": 92000000000.0,
        "90": 80500000000.0,
        "100": 73876000000.0
    },
    "itemList": [
        {
            "type": "bp",
            "item": {
                "id": -1,
                "name": "[스페셜 1등급] BP 카드 1000억",
                "image": null,
                "expectedBp": 100000000000.0,
                "expectedValue": {
                    "bp_card": 100000000000
                }
            },
            "amount": 1,
            "prob": 0.7
        },
        {
            "type": "playerPack",
            "item": {
                "id": "8435",
                "name": "[스페셜 1등급] DC, CC Top Price 130 (5강, 108+)",
                "image": null,
                "expectedBp": 108414270832.83281,
                "expectedValue": {
                    "bp_player": 117841598731.34001
                }
            },
            "amount": 1,
            "prob": 0.3
        }
    ]
}