{
    "type": "box",
    "id": "8468",
    "name": "[스페셜 1등급] 'BP 카드 1000억' or 'DC, CC 5강 선수팩'",
    "image": "201704648_s",
    "expectedBp": 103081187001.544,
    "expectedValue": {
        "bp_card": 70000000000.0,
        "bp_player": 35957811958.200005
    },
    "percentile": {
        "0": 3532800000000.0,
        "1": 241040000000.0,
        "2": 196880000000.0,
        "5": 103960000000.0,
        "10": 100000000000,
        "20": 100000000000,
        "30": 100000000000,
        "40": 100000000000,
        "50": 100000000000,
        "60": 100000000000,
        "70": 100000000000,
        "80": 94760000000.0,
        "90": 81788000000.0,
        "100": 76728000000.0
    },
    "itemList": [
        {
            "item": {
                "type": "bp",
                "id": -1,
                "name": "[스페셜 1등급] BP 카드 1000억",
                "image": null,
                "expectedBp": 100000000000.0,
                "expectedValue": {
                    "bp_card": 100000000000
                }
            },
            "amount": 1,
            "prob": 0.7
        },
        {
            "item": {
                "type": "player-pack",
                "id": "8435",
                "name": "[스페셜 1등급] DC, CC Top Price 130 (5강, 108+)",
                "image": null,
                "expectedBp": 110270623338.48003,
                "expectedValue": {
                    "bp_player": 119859373194.00002
                }
            },
            "amount": 1,
            "prob": 0.3
        }
    ]
}