{
    "type": "box",
    "id": "8024",
    "name": "[S4][Premium ICON TM 코인] 5개 투입 잠금상자",
    "image": null,
    "expectedBp": 138270737953.3826,
    "expectedValue": {
        "bp_player": 150294280384.1115
    },
    "percentile": {
        "0": 17112000000000.0,
        "1": 1058000000000.0,
        "2": 644000000000.0,
        "5": 374440000000.0,
        "10": 228160000000.0,
        "20": 134320000000.0,
        "30": 111320000000.0,
        "40": 95680000000.0,
        "50": 82800000000.0,
        "60": 75900000000.0,
        "70": 67804000000.0,
        "80": 57868000000.0,
        "90": 40480000000.0,
        "100": 33672000000.0
    },
    "itemList": [
        {
            "item": {
                "type": "player-pack",
                "id": "8015",
                "name": "[코인 상점] DC Top Price 80 선수팩 (5강, 108+)",
                "image": null,
                "expectedBp": 160600557392.25403,
                "expectedValue": {
                    "bp_player": 174565823252.45
                }
            },
            "amount": 1,
            "prob": 0.15
        },
        {
            "item": {
                "type": "player-pack",
                "id": "7771",
                "name": "[코인 상점] JVA, CC Top Price 110 선수팩 (6강, 104+)",
                "image": null,
                "expectedBp": 175759618421.70203,
                "expectedValue": {
                    "bp_player": 191043063501.85
                }
            },
            "amount": 1,
            "prob": 0.15
        },
        {
            "item": {
                "type": "player-pack",
                "id": "7772",
                "name": "[코인 상점] FCA, 23HW Top Price 150 선수팩 (6강, 105+)",
                "image": null,
                "expectedBp": 147410536674.6352,
                "expectedValue": {
                    "bp_player": 160228844211.56
                }
            },
            "amount": 1,
            "prob": 0.35
        },
        {
            "item": {
                "type": "player-pack",
                "id": "7602",
                "name": "[코인 상점] HG, RTN, 22UCL Top Price 520 선수팩 (8강, 95+)",
                "image": null,
                "expectedBp": 103494353557.61961,
                "expectedValue": {
                    "bp_player": 112493862562.63
                }
            },
            "amount": 1,
            "prob": 0.35
        }
    ]
}