{
    "id": "8024",
    "name": "[S4][Premium ICON TM 코인] 5개 투입 잠금상자",
    "image": null,
    "expectedBp": 135871544474.69957,
    "expectedValue": {
        "bp_player": 147686461385.543
    },
    "percentile": {
        "0": 17112000000000.0,
        "1": 1012000000000.0,
        "2": 657800000000.0,
        "5": 395600000000.0,
        "10": 229080000000.0,
        "20": 137080000000.0,
        "30": 107640000000.0,
        "40": 91908000000.0,
        "50": 80960000000.0,
        "60": 74980000000.0,
        "70": 65044000000.0,
        "80": 55844000000.0,
        "90": 39100000000.0,
        "100": 31188000000.0
    },
    "itemList": [
        {
            "type": "playerPack",
            "item": {
                "id": "8015",
                "name": "[코인 상점] DC Top Price 80 선수팩 (5강, 108+)",
                "image": null,
                "expectedBp": 157883529528.1452,
                "expectedValue": {
                    "bp_player": 171612532095.81
                }
            },
            "amount": 1,
            "prob": 0.15
        },
        {
            "type": "playerPack",
            "item": {
                "id": "7771",
                "name": "[코인 상점] JVA, CC Top Price 110 선수팩 (6강, 104+)",
                "image": null,
                "expectedBp": 172738074303.318,
                "expectedValue": {
                    "bp_player": 187758776416.65
                }
            },
            "amount": 1,
            "prob": 0.15
        },
        {
            "type": "playerPack",
            "item": {
                "id": "7772",
                "name": "[코인 상점] FCA, 23HW Top Price 150 선수팩 (6강, 105+)",
                "image": null,
                "expectedBp": 146055889808.17722,
                "expectedValue": {
                    "bp_player": 158756401965.41
                }
            },
            "amount": 1,
            "prob": 0.35
        },
        {
            "type": "playerPack",
            "item": {
                "id": "7602",
                "name": "[코인 상점] HG, RTN, 22UCL Top Price 520 선수팩 (8강, 95+)",
                "image": null,
                "expectedBp": 100453549906.0516,
                "expectedValue": {
                    "bp_player": 109188641202.23
                }
            },
            "amount": 1,
            "prob": 0.35
        }
    ]
}