{
    "id": "8464",
    "name": "[일반 1등급] 'BP 카드 650억' or 'DC 포함 5강 선수팩'",
    "image": null,
    "expectedBp": 66655690204.92236,
    "expectedValue": {
        "bp_card": 45500000000.0,
        "bp_player": 22995315440.133
    },
    "percentile": {
        "0": 3496000000000.0,
        "1": 210680000000.0,
        "2": 124200000000.0,
        "5": 82800000000.0,
        "10": 71116000000.0,
        "20": 65000000000,
        "30": 65000000000,
        "40": 65000000000,
        "50": 65000000000,
        "60": 65000000000,
        "70": 65000000000,
        "80": 65000000000,
        "90": 41308000000.0,
        "100": 35052000000.0
    },
    "itemList": [
        {
            "item": {
                "id": -1,
                "name": "[일반 1등급] BP 카드 650억",
                "image": null,
                "expectedBp": 65000000000.0,
                "expectedValue": {
                    "bp_card": 65000000000
                }
            },
            "amount": 1,
            "prob": 0.7
        },
        {
            "item": {
                "id": "8416",
                "name": "[일반 1등급] DC 포함 Top Price 350 (5강, 107+)",
                "image": null,
                "expectedBp": 70518967349.74121,
                "expectedValue": {
                    "bp_player": 76651051467.11
                }
            },
            "amount": 1,
            "prob": 0.3
        }
    ]
}