{
    "id": "8464",
    "name": "[일반 1등급] 'BP 카드 650억' or 'DC 포함 5강 선수팩'",
    "image": "/assets/images/item/201704644_s.png",
    "expectedBp": 65370190535.81384,
    "expectedValue": {
        "bp_card": 45500000000.0,
        "bp_player": 21598033191.101997
    },
    "percentile": {
        "0": 3496000000000.0,
        "1": 207920000000.0,
        "2": 113160000000.0,
        "5": 78844000000.0,
        "10": 65000000000,
        "20": 65000000000,
        "30": 65000000000,
        "40": 65000000000,
        "50": 65000000000,
        "60": 65000000000,
        "70": 65000000000,
        "80": 59340000000.0,
        "90": 37996000000.0,
        "100": 34500000000.0
    },
    "itemList": [
        {
            "type": "bp",
            "item": {
                "id": -1,
                "name": "[일반 1등급] BP 카드 650억",
                "image": null,
                "expectedBp": 65000000000.0,
                "expectedValue": {
                    "bp_card": 65000000000
                }
            },
            "amount": 1,
            "prob": 0.7
        },
        {
            "type": "playerPack",
            "item": {
                "id": "8416",
                "name": "[일반 1등급] DC 포함 Top Price 350 (5강, 107+)",
                "image": null,
                "expectedBp": 66233968452.7128,
                "expectedValue": {
                    "bp_player": 71993443970.34
                }
            },
            "amount": 1,
            "prob": 0.3
        }
    ]
}