{
    "id": "8466",
    "name": "[스페셜 1+등급] 'BP 카드 2400억' or 'DC, CC 5강 선수팩'",
    "image": null,
    "expectedBp": 258762118064.86316,
    "expectedValue": {
        "bp_card": 168000000000.0,
        "bp_player": 98654476157.45998
    },
    "percentile": {
        "0": 3496000000000.0,
        "1": 726800000000.0,
        "2": 633880000000.0,
        "5": 363400000000.0,
        "10": 263120000000.0,
        "20": 240000000000,
        "30": 240000000000,
        "40": 240000000000,
        "50": 240000000000,
        "60": 240000000000,
        "70": 240000000000,
        "80": 240000000000,
        "90": 218960000000.0,
        "100": 188600000000.0
    },
    "itemList": [
        {
            "item": {
                "id": -1,
                "name": "[스페셜 1+등급] BP 카드 2400억",
                "image": null,
                "expectedBp": 240000000000.0,
                "expectedValue": {
                    "bp_card": 240000000000
                }
            },
            "amount": 1,
            "prob": 0.7
        },
        {
            "item": {
                "id": "8431",
                "name": "[스페셜 1+등급] DC, CC Top Price 80 (5강, 108+)",
                "image": null,
                "expectedBp": 302540393549.54395,
                "expectedValue": {
                    "bp_player": 328848253858.19995
                }
            },
            "amount": 1,
            "prob": 0.3
        }
    ]
}