{
    "type": "box",
    "id": "8466",
    "name": "[스페셜 1+등급] 'BP 카드 2400억' or 'DC, CC 5강 선수팩'",
    "image": "201704646_s",
    "expectedBp": 255987222826.7592,
    "expectedValue": {
        "bp_card": 168000000000.0,
        "bp_player": 95638285681.25998
    },
    "percentile": {
        "0": 3532800000000.0,
        "1": 736000000000.0,
        "2": 629280000000.0,
        "5": 358800000000.0,
        "10": 253000000000.0,
        "20": 240000000000,
        "30": 240000000000,
        "40": 240000000000,
        "50": 240000000000,
        "60": 240000000000,
        "70": 240000000000,
        "80": 240000000000,
        "90": 208840000000.0,
        "100": 185840000000.0
    },
    "itemList": [
        {
            "item": {
                "type": "bp",
                "id": -1,
                "name": "[스페셜 1+등급] BP 카드 2400억",
                "image": null,
                "expectedBp": 240000000000.0,
                "expectedValue": {
                    "bp_card": 240000000000
                }
            },
            "amount": 1,
            "prob": 0.7
        },
        {
            "item": {
                "type": "player-pack",
                "id": "8431",
                "name": "[스페셜 1+등급] DC, CC Top Price 80 (5강, 108+)",
                "image": null,
                "expectedBp": 293290742755.86395,
                "expectedValue": {
                    "bp_player": 318794285604.19995
                }
            },
            "amount": 1,
            "prob": 0.3
        }
    ]
}