{
    "id": "8466",
    "name": "[스페셜 1+등급] 'BP 카드 2400억' or 'DC, CC 5강 선수팩'",
    "image": "/assets/images/item/201704646_s.png",
    "expectedBp": 255570156163.76642,
    "expectedValue": {
        "bp_card": 168000000000.0,
        "bp_player": 95184952351.92
    },
    "percentile": {
        "0": 3496000000000.0,
        "1": 732320000000.0,
        "2": 571320000000.0,
        "5": 331200000000.0,
        "10": 249320000000.0,
        "20": 240000000000,
        "30": 240000000000,
        "40": 240000000000,
        "50": 240000000000,
        "60": 240000000000,
        "70": 240000000000,
        "80": 240000000000,
        "90": 213440000000.0,
        "100": 191360000000.0
    },
    "itemList": [
        {
            "type": "bp",
            "item": {
                "id": -1,
                "name": "[스페셜 1+등급] BP 카드 2400억",
                "image": null,
                "expectedBp": 240000000000.0,
                "expectedValue": {
                    "bp_card": 240000000000
                }
            },
            "amount": 1,
            "prob": 0.7
        },
        {
            "type": "playerPack",
            "item": {
                "id": "8431",
                "name": "[스페셜 1+등급] DC, CC Top Price 80 (5강, 108+)",
                "image": null,
                "expectedBp": 291900520545.88806,
                "expectedValue": {
                    "bp_player": 317283174506.4
                }
            },
            "amount": 1,
            "prob": 0.3
        }
    ]
}