{
    "id": "8318",
    "name": "[24.01] 하프 데이 ICON ALL 의뢰 상자",
    "image": null,
    "expectedBp": 6883081971.374688,
    "expectedValue": {
        "bp_player": 185415187.00645497,
        "bp_card": 6712499999.32875,
        "[24.01] 하프 데이 ICON ALL 의뢰 선수팩+ICON 포인트 상자": 0.1
    },
    "percentile": {
        "0": 2502400000000.0,
        "1": 10000000000,
        "2": 10000000000,
        "5": 9500000000,
        "10": 9000000000,
        "20": 8500000000,
        "30": 8000000000,
        "40": 7750000000,
        "50": 7250000000,
        "60": 7000000000,
        "70": 6500000000,
        "80": 6000000000,
        "90": 0,
        "100": 0
    },
    "itemList": [
        {
            "item": {
                "id": "5724",
                "name": "[AG] ICON Top Price ALL 선수팩",
                "image": null,
                "expectedBp": 34116394409.187714,
                "expectedValue": {
                    "bp_player": 37083037401.29099
                }
            },
            "amount": 1,
            "prob": 0.005
        },
        {
            "item": {
                "id": "7809",
                "name": "[AG] 행운의 BP 카드 (50억~100억 BP)",
                "image": null,
                "expectedBp": 7499999999.249999,
                "expectedValue": {
                    "bp_card": 7499999999.249999
                }
            },
            "amount": 1,
            "prob": 0.895
        },
        {
            "item": {
                "id": -1,
                "name": "[24.01] 하프 데이 ICON ALL 의뢰 선수팩+ICON 포인트 상자",
                "image": null,
                "expectedBp": 0.0,
                "expectedValue": {
                    "[24.01] 하프 데이 ICON ALL 의뢰 선수팩+ICON 포인트 상자": 1
                }
            },
            "amount": 1,
            "prob": 0.1
        }
    ]
}