{
    "id": "7618",
    "name": "[S2][Premium ICON TM 코인] 10개 투입 잠금상자",
    "image": null,
    "expectedBp": 182979011716.83997,
    "expectedValue": {
        "bp_player": 198890230126.99997
    },
    "percentile": {
        "0": 3496000000000.0,
        "1": 744280000000.0,
        "2": 703800000000.0,
        "5": 432400000000.0,
        "10": 325680000000.0,
        "20": 218960000000.0,
        "30": 190440000000.0,
        "40": 149040000000.0,
        "50": 119600000000.0,
        "60": 105800000000.0,
        "70": 103040000000.0,
        "80": 75992000000.0,
        "90": 75348000000.0,
        "100": 73600000000.0
    },
    "itemList": [
        {
            "item": {
                "id": "7608",
                "name": "[코인 상점] CC Top Price 50 선수팩 (5강, 106+)",
                "image": null,
                "expectedBp": 182979011716.83997,
                "expectedValue": {
                    "bp_player": 198890230126.99997
                }
            },
            "amount": 1,
            "prob": 1.0
        }
    ]
}