{
    "id": "7618",
    "name": "[S2][Premium ICON TM 코인] 10개 투입 잠금상자",
    "image": null,
    "expectedBp": 177187135847.86124,
    "expectedValue": {
        "bp_player": 192594712878.11002
    },
    "percentile": {
        "0": 3496000000000.0,
        "1": 760840000000.0,
        "2": 719440000000.0,
        "5": 415840000000.0,
        "10": 318320000000.0,
        "20": 205160000000.0,
        "30": 186760000000.0,
        "40": 165600000000.0,
        "50": 97520000000.0,
        "60": 92000000000.0,
        "70": 91172000000.0,
        "80": 84732000000.0,
        "90": 80500000000.0,
        "100": 78200000000.0
    },
    "itemList": [
        {
            "item": {
                "id": "7608",
                "name": "[코인 상점] CC Top Price 50 선수팩 (5강, 106+)",
                "image": null,
                "expectedBp": 177187135847.86124,
                "expectedValue": {
                    "bp_player": 192594712878.11002
                }
            },
            "amount": 1,
            "prob": 1.0
        }
    ]
}