{
    "type": "box",
    "id": "8470",
    "name": "'ICON TM' or 'CC 포함 8강' 상자",
    "image": "201704650_s",
    "expectedBp": 210741897277.1288,
    "expectedValue": {
        "bp_player": 229067279649.05304
    },
    "percentile": {
        "0": 73416000000000.0,
        "1": 1030400000000.0,
        "2": 736000000000.0,
        "5": 517960000000.0,
        "10": 384560000000.0,
        "20": 223560000000.0,
        "30": 174800000000.0,
        "40": 154560000000.0,
        "50": 134320000000.0,
        "60": 130640000000.0,
        "70": 126960000000.0,
        "80": 104880000000.0,
        "90": 90620000000.0,
        "100": 87308000000.0
    },
    "itemList": [
        {
            "item": {
                "type": "player-pack",
                "id": "7958",
                "name": "[P] ICON TM ALL 선수팩 (1강)",
                "image": null,
                "expectedBp": 2255842144252.9243,
                "expectedValue": {
                    "bp_player": 2452002330709.7
                }
            },
            "amount": 1,
            "prob": 0.01
        },
        {
            "item": {
                "type": "player-pack",
                "id": "8447",
                "name": "[P] CC, FCA, 23HW 포함 Top Price 780 (8강, 98+)",
                "image": null,
                "expectedBp": 190084319024.84802,
                "expectedValue": {
                    "bp_player": 206613390244.40002
                }
            },
            "amount": 1,
            "prob": 0.99
        }
    ]
}