{
    "id": "8470",
    "name": "'ICON TM' or 'CC 포함 8강' 상자",
    "image": "/assets/images/item/201704650_s.png",
    "expectedBp": 207986613510.24802,
    "expectedValue": {
        "bp_player": 226072405989.40002
    },
    "percentile": {
        "0": 73416000000000.0,
        "1": 1012000000000.0,
        "2": 754400000000.0,
        "5": 538200000000.0,
        "10": 404800000000.0,
        "20": 214360000000.0,
        "30": 167440000000.0,
        "40": 156400000000.0,
        "50": 130640000000.0,
        "60": 124200000000.0,
        "70": 111320000000.0,
        "80": 87216000000.0,
        "90": 82156000000.0,
        "100": 79948000000.0
    },
    "itemList": [
        {
            "item": {
                "id": "7958",
                "name": "[P] ICON TM ALL 선수팩 (1강)",
                "image": null,
                "expectedBp": 2256805454337.512,
                "expectedValue": {
                    "bp_player": 2453049406888.6
                }
            },
            "amount": 1,
            "prob": 0.01
        },
        {
            "item": {
                "id": "8447",
                "name": "[P] CC, FCA, 23HW 포함 Top Price 780 (8강, 98+)",
                "image": null,
                "expectedBp": 187291473703.91202,
                "expectedValue": {
                    "bp_player": 203577688808.6
                }
            },
            "amount": 1,
            "prob": 0.99
        }
    ]
}