{
    "type": "box",
    "id": "7616",
    "name": "[S2][Premium ICON TM 코인] 7개 투입 잠금상자",
    "image": null,
    "expectedBp": 146718296849.89584,
    "expectedValue": {
        "bp_player": 159476409619.452
    },
    "percentile": {
        "0": 17112000000000.0,
        "1": 809600000000.0,
        "2": 691840000000.0,
        "5": 411240000000.0,
        "10": 230000000000.0,
        "20": 166520000000.0,
        "30": 122360000000.0,
        "40": 104880000000.0,
        "50": 92000000000.0,
        "60": 88320000000.0,
        "70": 81236000000.0,
        "80": 74244000000.0,
        "90": 65872000000.0,
        "100": 42320000000.0
    },
    "itemList": [
        {
            "item": {
                "type": "player-pack",
                "id": "7604",
                "name": "[코인 상점] CC Top Price 55 선수팩 (5강, 106+)",
                "image": null,
                "expectedBp": 152288764819.498,
                "expectedValue": {
                    "bp_player": 165531266108.14996
                }
            },
            "amount": 1,
            "prob": 0.4
        },
        {
            "item": {
                "type": "player-pack",
                "id": "7603",
                "name": "[코인 상점] FCA, 23HW Top Price 40 선수팩 (5강, 108+)",
                "image": null,
                "expectedBp": 143911797565.5628,
                "expectedValue": {
                    "bp_player": 156425866919.09
                }
            },
            "amount": 1,
            "prob": 0.4
        },
        {
            "item": {
                "type": "player-pack",
                "id": "7601",
                "name": "[코인 상점] HG, RTN, 22UCL Top Price 500 선수팩 (8강, 95+)",
                "image": null,
                "expectedBp": 141190359479.3576,
                "expectedValue": {
                    "bp_player": 153467782042.78
                }
            },
            "amount": 1,
            "prob": 0.2
        }
    ]
}