{
    "id": "7616",
    "name": "[S2][Premium ICON TM 코인] 7개 투입 잠금상자",
    "image": null,
    "expectedBp": 143611304288.39343,
    "expectedValue": {
        "bp_player": 156099243791.732
    },
    "percentile": {
        "0": 17112000000000.0,
        "1": 793040000000.0,
        "2": 701040000000.0,
        "5": 394680000000.0,
        "10": 216200000000.0,
        "20": 165600000000.0,
        "30": 124200000000.0,
        "40": 100280000000.0,
        "50": 92000000000.0,
        "60": 86020000000.0,
        "70": 78292000000.0,
        "80": 73324000000.0,
        "90": 60444000000.0,
        "100": 41032000000.0
    },
    "itemList": [
        {
            "type": "playerPack",
            "item": {
                "id": "7604",
                "name": "[코인 상점] CC Top Price 55 선수팩 (5강, 106+)",
                "image": null,
                "expectedBp": 150319482726.92163,
                "expectedValue": {
                    "bp_player": 163390742094.48
                }
            },
            "amount": 1,
            "prob": 0.4
        },
        {
            "type": "playerPack",
            "item": {
                "id": "7603",
                "name": "[코인 상점] FCA, 23HW Top Price 40 선수팩 (5강, 108+)",
                "image": null,
                "expectedBp": 140171200231.426,
                "expectedValue": {
                    "bp_player": 152360000251.55
                }
            },
            "amount": 1,
            "prob": 0.4
        },
        {
            "type": "playerPack",
            "item": {
                "id": "7601",
                "name": "[코인 상점] HG, RTN, 22UCL Top Price 500 선수팩 (8강, 95+)",
                "image": null,
                "expectedBp": 137075155525.27202,
                "expectedValue": {
                    "bp_player": 148994734266.6
                }
            },
            "amount": 1,
            "prob": 0.2
        }
    ]
}