{
    "type": "box",
    "id": "8476",
    "name": "[스페셜 1+등급 5%] 전체 수수료 40% 할인 쿠폰 (~24.01.31)",
    "image": "201704656_s",
    "expectedBp": 14869764592.32412,
    "expectedValue": {
        "bp_player": 16162787600.352303,
        "전체 수수료 40% 할인 쿠폰 (~24.01.31)": 0.95
    },
    "percentile": {
        "0": 73416000000000.0,
        "1": 327520000000.0,
        "2": 230000000000.0,
        "5": 127880000000.0,
        "10": 0,
        "20": 0,
        "30": 0,
        "40": 0,
        "50": 0,
        "60": 0,
        "70": 0,
        "80": 0,
        "90": 0,
        "100": 0
    },
    "itemList": [
        {
            "item": {
                "type": "box",
                "id": "8465",
                "name": "[스페셜 1+등급][최종 OVR 122+ 선수팩 포함] 트리플 크리스마스 상자",
                "image": "201704645_s",
                "expectedBp": 297395291846.48236,
                "expectedValue": {
                    "bp_player": 323255752007.046
                }
            },
            "amount": 1,
            "prob": 0.05
        },
        {
            "item": {
                "type": "other",
                "id": -1,
                "name": "전체 수수료 40% 할인 쿠폰 (~24.01.31)",
                "image": null,
                "expectedBp": 0.0,
                "expectedValue": {
                    "전체 수수료 40% 할인 쿠폰 (~24.01.31)": 1
                }
            },
            "amount": 1,
            "prob": 0.95
        }
    ]
}