{
    "id": "8476",
    "name": "[스페셜 1+등급 5%] 전체 수수료 40% 할인 쿠폰 (~24.01.31)",
    "image": "/assets/images/item/201704656_s.png",
    "expectedBp": 14809626012.392962,
    "expectedValue": {
        "bp_player": 16097419578.688002,
        "전체 수수료 40% 할인 쿠폰 (~24.01.31)": 0.95
    },
    "percentile": {
        "0": 73416000000000.0,
        "1": 318320000000.0,
        "2": 234600000000.0,
        "5": 112240000000.0,
        "10": 0,
        "20": 0,
        "30": 0,
        "40": 0,
        "50": 0,
        "60": 0,
        "70": 0,
        "80": 0,
        "90": 0,
        "100": 0
    },
    "itemList": [
        {
            "item": {
                "id": "8465",
                "name": "[스페셜 1+등급][최종 OVR 122+ 선수팩 포함] 트리플 크리스마스 상자",
                "image": "/assets/images/item/201704645_s.png",
                "expectedBp": 296192520247.8592,
                "expectedValue": {
                    "bp_player": 321948391573.76
                }
            },
            "amount": 1,
            "prob": 0.05
        },
        {
            "item": {
                "id": -1,
                "name": "전체 수수료 40% 할인 쿠폰 (~24.01.31)",
                "image": null,
                "expectedBp": 0.0,
                "expectedValue": {
                    "전체 수수료 40% 할인 쿠폰 (~24.01.31)": 1
                }
            },
            "amount": 1,
            "prob": 0.95
        }
    ]
}