{
    "id": "8476",
    "name": "[스페셜 1+등급 5%] 전체 수수료 40% 할인 쿠폰 (~24.01.31)",
    "image": null,
    "expectedBp": 15639360135.610775,
    "expectedValue": {
        "bp_player": 16999304495.229103,
        "전체 수수료 40% 할인 쿠폰 (~24.01.31)": 0.95
    },
    "percentile": {
        "0": 73416000000000.0,
        "1": 356040000000.0,
        "2": 254840000000.0,
        "5": 149040000000.0,
        "10": 0,
        "20": 0,
        "30": 0,
        "40": 0,
        "50": 0,
        "60": 0,
        "70": 0,
        "80": 0,
        "90": 0,
        "100": 0
    },
    "itemList": [
        {
            "item": {
                "id": "8465",
                "name": "[스페셜 1+등급][최종 OVR 122+ 선수팩 포함] 트리플 크리스마스 상자",
                "image": null,
                "expectedBp": 312787202712.21545,
                "expectedValue": {
                    "bp_player": 339986089904.58203
                }
            },
            "amount": 1,
            "prob": 0.05
        },
        {
            "item": {
                "id": -1,
                "name": "전체 수수료 40% 할인 쿠폰 (~24.01.31)",
                "image": null,
                "expectedBp": 0.0,
                "expectedValue": {
                    "전체 수수료 40% 할인 쿠폰 (~24.01.31)": 1
                }
            },
            "amount": 1,
            "prob": 0.95
        }
    ]
}