{
    "type": "box",
    "id": "8246",
    "name": "[AG] 2023 디셈버 럭키 박스 - 112+",
    "image": null,
    "expectedBp": 20046165337.549465,
    "expectedValue": {
        "bp_player": 245657975.59723988,
        "bp_card": 19820160000.000004
    },
    "percentile": {
        "0": 8132800000000.0,
        "1": 22000000000,
        "2": 22000000000,
        "5": 21500000000,
        "10": 21000000000,
        "20": 21000000000,
        "30": 20500000000,
        "40": 20000000000,
        "50": 20000000000,
        "60": 19500000000,
        "70": 19500000000,
        "80": 19000000000,
        "90": 18500000000,
        "100": 18000000000
    },
    "itemList": [
        {
            "item": {
                "type": "player-pack",
                "id": "8234",
                "name": "[AG][23.12] CC 포함 OVR 104~105 선수팩 (7~8강)",
                "image": null,
                "expectedBp": 226005337549.4607,
                "expectedValue": {
                    "bp_player": 245657975597.23987
                }
            },
            "amount": 1,
            "prob": 0.001
        },
        {
            "item": {
                "type": "bp",
                "id": "8240",
                "name": "[AG] 행운의 BP 카드 (180억~220억 BP)",
                "image": null,
                "expectedBp": 19840000000.0,
                "expectedValue": {
                    "bp_card": 19840000000.0
                }
            },
            "amount": 1,
            "prob": 0.9990000000000001
        }
    ]
}