{
    "id": "8474",
    "name": "'ICON TM' or 'JVA 포함 8강' 상자",
    "image": "/assets/images/item/201704654_s.png",
    "expectedBp": 410154096484.0292,
    "expectedValue": {
        "bp_player": 445819670091.33606
    },
    "percentile": {
        "0": 73416000000000.0,
        "1": 1876800000000.0,
        "2": 920000000000.0,
        "5": 772800000000.0,
        "10": 661480000000.0,
        "20": 524400000000.0,
        "30": 455400000000.0,
        "40": 371680000000.0,
        "50": 345000000000.0,
        "60": 289800000000.0,
        "70": 249320000000.0,
        "80": 205160000000.0,
        "90": 172040000000.0,
        "100": 161920000000.0
    },
    "itemList": [
        {
            "type": "playerPack",
            "item": {
                "id": "7958",
                "name": "[P] ICON TM ALL 선수팩 (1강)",
                "image": null,
                "expectedBp": 2256805454337.512,
                "expectedValue": {
                    "bp_player": 2453049406888.6
                }
            },
            "amount": 1,
            "prob": 0.02
        },
        {
            "type": "playerPack",
            "item": {
                "id": "8452",
                "name": "[P] JVA, CC, FCA 포함 Top Price 740 (8강, 98+)",
                "image": null,
                "expectedBp": 372467334078.8561,
                "expectedValue": {
                    "bp_player": 404855797911.80005
                }
            },
            "amount": 1,
            "prob": 0.98
        }
    ]
}