{
    "type": "box",
    "id": "8152",
    "name": "[마일리지][DC 획득 기회] DC 챌린지! 상자",
    "image": "201704554_s",
    "expectedBp": 16440112920.81038,
    "expectedValue": {
        "bp_player": 9717514044.35911,
        "bp_card": 7500000000.0
    },
    "percentile": {
        "0": 1545600000000.0,
        "1": 74244000000.0,
        "2": 45356000000.0,
        "5": 38088000000.0,
        "10": 21988000000.0,
        "20": 15000000000,
        "30": 15000000000,
        "40": 15000000000,
        "50": 15000000000,
        "60": 15000000000,
        "70": 9181600000.0,
        "80": 7958000000.0,
        "90": 7663600000.0,
        "100": 3155600000.0
    },
    "itemList": [
        {
            "item": {
                "type": "player-pack",
                "id": "8146",
                "name": "[마일리지] DC Top Price 50 (1강, 109+)",
                "image": null,
                "expectedBp": 23902867221.386005,
                "expectedValue": {
                    "bp_player": 25981377414.550003
                }
            },
            "amount": 1,
            "prob": 0.03
        },
        {
            "item": {
                "type": "player-pack",
                "id": "8147",
                "name": "[마일리지] JVA, CC 포함 Top Price 135 (3강, 104+)",
                "image": null,
                "expectedBp": 17865688256.75956,
                "expectedValue": {
                    "bp_player": 19419226366.043
                }
            },
            "amount": 1,
            "prob": 0.17
        },
        {
            "item": {
                "type": "player-pack",
                "id": "8148",
                "name": "[마일리지] HG, RTN 포함 Top Price 260 (5강, 105+)",
                "image": null,
                "expectedBp": 17286199668.398922,
                "expectedValue": {
                    "bp_player": 18789347465.651
                }
            },
            "amount": 1,
            "prob": 0.3
        },
        {
            "item": {
                "type": "bp",
                "id": -1,
                "name": "[마일리지] BP 카드 150억",
                "image": null,
                "expectedBp": 15000000000.0,
                "expectedValue": {
                    "bp_card": 15000000000
                }
            },
            "amount": 1,
            "prob": 0.5
        }
    ]
}