{
    "id": "8152",
    "name": "[마일리지][DC 획득 기회] DC 챌린지! 상자",
    "image": "/assets/images/item/201704554_s.png",
    "expectedBp": 15988584848.122532,
    "expectedValue": {
        "bp_player": 9226722661.00275,
        "bp_card": 7500000000.0
    },
    "percentile": {
        "0": 1462800000000.0,
        "1": 77280000000.0,
        "2": 46460000000.0,
        "5": 37168000000.0,
        "10": 21436000000.0,
        "20": 15000000000,
        "30": 15000000000,
        "40": 15000000000,
        "50": 15000000000,
        "60": 15000000000,
        "70": 7728000000.0,
        "80": 7350800000.0,
        "90": 7010400000.0,
        "100": 3404000000.0
    },
    "itemList": [
        {
            "type": "playerPack",
            "item": {
                "id": "8146",
                "name": "[마일리지] DC Top Price 50 (1강, 109+)",
                "image": null,
                "expectedBp": 22022801531.573208,
                "expectedValue": {
                    "bp_player": 23937827751.710007
                }
            },
            "amount": 1,
            "prob": 0.03
        },
        {
            "type": "playerPack",
            "item": {
                "id": "8147",
                "name": "[마일리지] JVA, CC 포함 Top Price 135 (3강, 104+)",
                "image": null,
                "expectedBp": 16801491082.371,
                "expectedValue": {
                    "bp_player": 18262490306.925
                }
            },
            "amount": 1,
            "prob": 0.17
        },
        {
            "type": "playerPack",
            "item": {
                "id": "8148",
                "name": "[마일리지] HG, RTN 포함 Top Price 260 (5강, 105+)",
                "image": null,
                "expectedBp": 16572157727.24088,
                "expectedValue": {
                    "bp_player": 18013214920.913998
                }
            },
            "amount": 1,
            "prob": 0.3
        },
        {
            "type": "bp",
            "item": {
                "id": -1,
                "name": "[마일리지] BP 카드 150억",
                "image": null,
                "expectedBp": 15000000000.0,
                "expectedValue": {
                    "bp_card": 15000000000
                }
            },
            "amount": 1,
            "prob": 0.5
        }
    ]
}