{
    "id": "8151",
    "name": "[마일리지] 아이스 캡 상자",
    "image": "/assets/images/item/201704553_s.png",
    "expectedBp": 156808570865.84518,
    "expectedValue": {
        "bp_player": 170444098767.22302
    },
    "percentile": {
        "0": 7580800000000.0,
        "1": 807760000000.0,
        "2": 642160000000.0,
        "5": 361560000000.0,
        "10": 261280000000.0,
        "20": 184920000000.0,
        "30": 147200000000.0,
        "40": 120520000000.0,
        "50": 101200000000.0,
        "60": 97520000000.0,
        "70": 93840000000.0,
        "80": 89148000000.0,
        "90": 79488000000.0,
        "100": 67712000000.0
    },
    "itemList": [
        {
            "item": {
                "id": "8144",
                "name": "[마일리지] DC, JVA, CC 포함 Top Price 180 (5강, 104+)",
                "image": null,
                "expectedBp": 152112976068.4224,
                "expectedValue": {
                    "bp_player": 165340191378.72
                }
            },
            "amount": 1,
            "prob": 0.45
        },
        {
            "item": {
                "id": "8145",
                "name": "[마일리지] 23HW, HG, RTN, 22UCL Top Price 460 (7강, 97+)",
                "image": null,
                "expectedBp": 160650421154.6456,
                "expectedValue": {
                    "bp_player": 174620022994.18
                }
            },
            "amount": 1,
            "prob": 0.55
        }
    ]
}