{
    "type": "box",
    "id": "8463",
    "name": "[일반 1등급][최종 OVR 118+ 선수팩 포함] 더블 크리스마스 상자",
    "image": "201704643_s",
    "expectedBp": 62574734386.33789,
    "expectedValue": {
        "bp_player": 68016015637.32379
    },
    "percentile": {
        "0": 73416000000000.0,
        "1": 425040000000.0,
        "2": 280600000000.0,
        "5": 156400000000.0,
        "10": 92920000000.0,
        "20": 61180000000.0,
        "30": 51612000000.0,
        "40": 42136000000.0,
        "50": 38548000000.0,
        "60": 37996000000.0,
        "70": 37444000000.0,
        "80": 36800000000.0,
        "90": 35512000000.0,
        "100": 32476000000.0
    },
    "itemList": [
        {
            "item": {
                "type": "player-pack",
                "id": "8413",
                "name": "[일반 1등급] 24HEROES, DC 포함 최종 OVR 118+ 멀티 강화 선수팩",
                "image": null,
                "expectedBp": 335892789753.48413,
                "expectedValue": {
                    "bp_player": 365100858427.70013
                }
            },
            "amount": 1,
            "prob": 0.02
        },
        {
            "item": {
                "type": "player-pack",
                "id": "8414",
                "name": "[일반 1등급] 24HEROES, DC 포함 Top Price 300 (5강, 107+)",
                "image": null,
                "expectedBp": 56996814889.049194,
                "expectedValue": {
                    "bp_player": 61953059662.009995
                }
            },
            "amount": 1,
            "prob": 0.98
        }
    ]
}