{
    "id": "8463",
    "name": "[일반 1등급][최종 OVR 118+ 선수팩 포함] 더블 크리스마스 상자",
    "image": null,
    "expectedBp": 65334852014.3685,
    "expectedValue": {
        "bp_player": 71016143493.8788
    },
    "percentile": {
        "0": 73416000000000.0,
        "1": 410320000000.0,
        "2": 290720000000.0,
        "5": 143520000000.0,
        "10": 103040000000.0,
        "20": 71852000000.0,
        "30": 57960000000.0,
        "40": 43608000000.0,
        "50": 41308000000.0,
        "60": 40480000000.0,
        "70": 39652000000.0,
        "80": 37904000000.0,
        "90": 33488000000.0,
        "100": 29992000000.0
    },
    "itemList": [
        {
            "item": {
                "id": "8413",
                "name": "[일반 1등급] 24HEROES, DC 포함 최종 OVR 118+ 멀티 강화 선수팩",
                "image": null,
                "expectedBp": 353519773529.7483,
                "expectedValue": {
                    "bp_player": 384260623401.9003
                }
            },
            "amount": 1,
            "prob": 0.02
        },
        {
            "item": {
                "id": "8414",
                "name": "[일반 1등급] 24HEROES, DC 포함 Top Price 300 (5강, 107+)",
                "image": null,
                "expectedBp": 59453527085.48319,
                "expectedValue": {
                    "bp_player": 64623399005.95999
                }
            },
            "amount": 1,
            "prob": 0.98
        }
    ]
}