{
    "id": "8463",
    "name": "[일반 1등급][최종 OVR 118+ 선수팩 포함] 더블 크리스마스 상자",
    "image": "/assets/images/item/201704643_s.png",
    "expectedBp": 61837291471.66723,
    "expectedValue": {
        "bp_player": 67214447251.8122
    },
    "percentile": {
        "0": 73416000000000.0,
        "1": 407560000000.0,
        "2": 279680000000.0,
        "5": 147200000000.0,
        "10": 91172000000.0,
        "20": 59432000000.0,
        "30": 51980000000.0,
        "40": 44160000000.0,
        "50": 38088000000.0,
        "60": 37628000000.0,
        "70": 37168000000.0,
        "80": 36064000000.0,
        "90": 34500000000.0,
        "100": 32752000000.0
    },
    "itemList": [
        {
            "type": "playerPack",
            "item": {
                "id": "8413",
                "name": "[일반 1등급] 24HEROES, DC 포함 최종 OVR 118+ 멀티 강화 선수팩",
                "image": null,
                "expectedBp": 338378624739.94415,
                "expectedValue": {
                    "bp_player": 367802852978.20013
                }
            },
            "amount": 1,
            "prob": 0.02
        },
        {
            "type": "playerPack",
            "item": {
                "id": "8414",
                "name": "[일반 1등급] 24HEROES, DC 포함 Top Price 300 (5강, 107+)",
                "image": null,
                "expectedBp": 56193590792.72281,
                "expectedValue": {
                    "bp_player": 61079989992.090004
                }
            },
            "amount": 1,
            "prob": 0.98
        }
    ]
}